t,state,done_bytes,down_rate,peers,seeds,rss_kb,cpu_s
.085746303,metadata,0,0,0,0,14124,0
5.269596345,metadata,0,0,0,0,14124,0
10.418916269,metadata,0,0,0,0,14124,0
15.776283171,metadata,0,0,0,0,14124,0
20.907598860,metadata,0,0,0,0,14124,0
26.048178881,metadata,0,0,0,0,14128,0
31.252809594,metadata,0,0,0,0,14128,0
36.516802509,metadata,0,0,0,0,14128,0
42.373249202,metadata,0,0,0,0,14128,0
47.568915755,metadata,0,0,0,0,14128,0
52.909839858,metadata,0,0,0,0,14128,0
58.331833371,metadata,0,0,0,0,14128,0
63.487921622,metadata,0,0,0,0,14128,0
68.685145915,metadata,0,0,0,0,14128,0
73.873272786,metadata,0,0,0,0,14400,0
79.243143758,metadata,0,0,1,0,14912,0
84.574885772,metadata,0,0,2,0,14912,0
89.825232415,metadata,0,0,2,0,14912,0
95.038591813,metadata,0,0,2,0,14912,0
100.191625567,metadata,0,0,2,0,14912,0
105.346758387,metadata,0,0,2,0,14912,0
110.537165828,metadata,0,0,2,0,14912,0
115.702696541,metadata,0,0,2,0,14912,0
120.826458696,metadata,0,0,1,0,14912,0
126.056069825,metadata,0,0,0,0,14912,0
131.192083309,metadata,0,0,0,0,14912,0
136.473410026,metadata,0,0,0,0,14912,0
141.625394557,metadata,0,0,0,0,14912,0
146.806204103,metadata,0,0,0,0,14912,0
151.942947338,metadata,0,0,0,0,14912,0
157.046141152,metadata,0,0,0,0,14912,0
162.298739100,metadata,0,0,0,0,14912,0
167.477354707,metadata,0,0,0,0,14912,0
172.600694285,metadata,0,0,0,0,14912,0
177.773643565,metadata,0,0,1,0,14912,0
182.888733602,metadata,0,0,2,0,14916,0
188.073203829,downloading,0,0,2,1,15420,0
193.184299270,downloading,0,0,2,1,15420,0
198.315003165,downloading,81920,8553,2,1,17632,0
203.441536281,downloading,163840,13466,2,1,17712,0
208.545211661,downloading,229376,11304,2,1,17776,0
213.706075354,downloading,360448,20567,2,1,17904,0
218.842456643,downloading,507904,25789,2,1,18048,0
223.980050531,downloading,507904,8449,2,1,18048,0
229.345965133,downloading,507904,2768,2,1,18048,1
234.549148754,downloading,507904,1013,2,1,18048,1
239.736788031,downloading,655360,20994,2,1,18192,1
245.069641802,downloading,802816,31022,2,1,18420,1
250.246325875,downloading,1032192,35165,2,1,18712,1
255.392526102,downloading,1163264,32333,2,1,18932,1
260.553139908,downloading,1376256,32261,1,1,19164,1
265.685602957,downloading,1785856,68037,1,1,19572,1
270.840737438,downloading,2539520,131513,1,1,20352,1
276.029637666,downloading,2752512,69398,1,1,20612,1
281.322063883,downloading,2850816,30247,1,1,20716,1
286.472870748,downloading,2850816,9910,1,1,20716,1
291.656687439,downloading,3047424,23502,1,1,20908,1
296.852783630,downloading,3112960,16694,1,1,20988,1
302.148006926,downloading,3260416,20366,1,1,21116,1
307.300759125,downloading,3391488,28698,1,1,21244,1
312.513003941,downloading,3489792,19524,1,1,21340,1
317.670485513,downloading,3571712,18211,1,1,21420,1
322.796129988,downloading,3571712,5966,2,1,21420,1
327.966295661,downloading,3571712,1953,2,1,21420,1
333.246810733,downloading,3571712,928,2,1,21420,1
338.447583016,downloading,3637248,4899,2,1,21484,1
343.635198838,downloading,3653632,4552,2,1,21500,1
348.925159337,downloading,3719168,10137,2,1,21564,1
354.193680079,downloading,3801088,14178,2,1,21644,1
359.330078904,downloading,3883008,13532,2,1,21724,1
364.672420365,downloading,3932160,12760,2,1,21772,1
369.844603929,downloading,4030464,17059,2,1,21804,1
375.047205471,downloading,4128768,19744,2,1,21900,1
380.179815552,downloading,4259840,25668,2,1,22048,2
385.400824567,downloading,4390912,26905,2,1,22160,2
390.593247126,downloading,4554752,27714,2,1,22320,2
395.737606767,downloading,4751360,33599,2,1,22528,2
401.061275716,downloading,4964352,37776,1,1,22736,2
406.274230513,downloading,5029888,20029,1,1,22784,2
411.421313562,downloading,5111808,17201,1,1,22864,2
416.560306097,downloading,5160960,12459,1,1,22912,2
421.715304384,downloading,5242880,14871,1,1,22992,2
426.922405713,downloading,5308416,13064,1,1,23056,2
432.169086988,downloading,5341184,9314,1,1,23088,2
437.328757770,downloading,5390336,9470,1,1,23136,2
442.487069464,downloading,5439488,9963,1,1,23184,2
447.745408781,downloading,5505024,13029,1,1,23248,2
453.062245665,downloading,5586944,15979,1,1,23328,2
458.240062837,downloading,5685248,19442,1,1,23424,2
463.434151320,downloading,5783552,16458,2,1,23064,2
468.588268837,downloading,5881856,23840,2,1,23160,2
473.834629298,downloading,6094848,33939,2,1,22912,2
479.050668077,downloading,6242304,30551,2,1,23084,2
484.203614077,downloading,6537216,43128,2,1,23376,2
489.312830425,downloading,6815744,47864,2,1,23648,2
494.484254425,downloading,7028736,39069,2,1,23856,2
499.640566403,downloading,7176192,36353,1,1,24000,2
504.793644863,downloading,7454720,51181,1,1,24272,3
509.997223108,downloading,7749632,59273,1,1,24560,3
515.148723850,downloading,8093696,67962,1,1,24896,3
520.264746602,downloading,8388608,67187,1,1,25184,3
525.409264683,downloading,8634368,54866,1,1,25440,3
530.703608402,downloading,8945664,35967,1,1,25752,3
535.848342208,downloading,9273344,67919,1,1,26072,3
540.958560335,downloading,9486336,52981,1,1,26296,3
546.247696500,downloading,10076160,97184,1,1,26872,3
551.406557201,downloading,10911744,131237,1,1,27676,3
556.558823417,downloading,11599872,124563,1,1,28992,3
561.766008052,downloading,12664832,173150,2,1,30032,3
566.933274351,downloading,13139968,82345,2,1,30496,3
572.046848631,downloading,14221312,195662,2,1,31552,3
577.183664444,downloading,14663680,146948,2,1,31984,3
582.538030110,downloading,14958592,85970,2,1,32272,3
587.751026659,downloading,15187968,58174,2,1,32496,3
592.989113591,downloading,15581184,45153,2,1,32896,4
598.179658539,downloading,16121856,84743,1,1,33440,4
603.356386218,downloading,16875520,130404,1,1,34144,4
608.699660565,downloading,17629184,160327,1,1,34880,4
613.863367806,downloading,18268160,137124,1,1,35504,4
619.087012686,downloading,18989056,149866,1,1,36208,4
624.296390048,downloading,19742720,98357,1,1,36944,4
629.416124889,downloading,20267008,117992,1,1,37456,4
634.701641846,downloading,20922368,127846,1,1,38096,4
639.939634534,downloading,21692416,93276,1,1,38864,4
645.290421032,downloading,22347776,116947,1,1,39488,4
650.379480217,downloading,22953984,152660,1,1,40080,4
655.599652380,downloading,23117824,71157,1,1,40240,4
660.743832399,downloading,23592960,79760,1,1,40704,4
665.897494831,downloading,24215552,111587,1,1,41312,4
671.037483298,downloading,24969216,147637,1,1,42192,4
676.189508591,downloading,26361856,220685,1,1,43408,4
681.450603472,downloading,27983872,202189,1,1,45044,4
686.645469058,downloading,30146560,377079,1,1,47156,5
691.772473543,downloading,31850496,375890,1,1,48856,5
696.970499415,downloading,34013184,352104,1,1,50968,5
702.096155527,downloading,35307520,251877,1,1,52252,5
707.303209324,downloading,36175872,174214,1,1,53084,5
712.513749609,downloading,36962304,164748,1,1,53876,5
717.668467814,downloading,38043648,210738,1,1,54932,5
722.876930965,downloading,39092224,175430,1,1,55956,5
727.979125863,downloading,39862272,149251,1,1,57124,5
733.130715668,downloading,40976384,186918,1,1,57796,5
738.262744461,downloading,42057728,205725,1,1,58868,5
743.447041586,downloading,42893312,172637,1,1,59684,5
748.607088838,downloading,44138496,186700,1,1,60884,5
753.787929249,downloading,44646400,153612,1,1,61620,5
758.985842730,downloading,45629440,184309,1,1,62340,5
764.276890648,downloading,46628864,178922,1,1,63316,5
769.451656989,downloading,46874624,66324,1,1,63556,5
774.595152075,downloading,47448064,124279,1,1,64116,5
779.697804944,downloading,47824896,80053,1,1,64484,5
784.870528312,downloading,47874048,34271,1,1,64532,5
790.045806856,downloading,47874048,11228,1,1,64532,5
795.341716877,downloading,47874048,2942,1,1,64532,5
800.589234942,downloading,47874048,1325,1,1,64532,6
805.784100467,downloading,47939584,10541,1,1,64596,6
810.929541810,downloading,48054272,19946,1,1,64708,6
816.044106804,downloading,48136192,18784,1,1,64788,6
821.174299598,downloading,48300032,25133,1,1,64948,6
826.288577619,downloading,48365568,18578,1,1,65012,6
831.426694033,downloading,48365568,4868,1,1,65012,6
836.607376487,downloading,48365568,1594,1,1,65012,6
841.743920450,downloading,48365568,880,1,1,65012,6
846.930739178,downloading,48431104,8765,1,1,65076,6
852.096235487,downloading,48496640,11262,1,1,65072,6
857.384748753,downloading,48562176,12594,1,1,65136,6
862.508829158,downloading,48627712,14128,1,1,65200,6
867.617406542,downloading,48693248,12526,1,1,65264,6
872.731399292,downloading,48775168,12231,1,1,65344,6
877.900042819,downloading,48840704,12234,1,1,65408,6
883.205007014,downloading,48889856,11311,1,1,65456,6
888.432588762,downloading,48955392,13664,1,1,65520,6
893.556567834,downloading,49020928,13986,1,1,65584,6
898.678871400,downloading,49086464,14200,1,1,65648,6
903.789567659,downloading,49152000,14848,1,1,65712,6
908.947065234,downloading,49266688,18586,1,1,65824,6
914.067780253,downloading,49512448,42148,1,1,66080,6
919.295173677,downloading,50036736,82932,1,1,66576,6
924.511106735,downloading,50659328,104420,1,1,67248,6
929.670371557,downloading,51036160,79506,1,1,67632,6
934.881409462,downloading,51412992,70910,1,1,67984,6
940.079791571,downloading,51740672,64473,1,1,68304,6
945.231419834,downloading,52002816,55645,1,1,68560,6
950.349719560,downloading,52281344,40676,1,1,68848,6
955.569862498,downloading,52510720,49477,1,1,69056,6
960.755443109,downloading,52772864,49814,1,1,69312,6
965.890527851,downloading,52985856,48072,1,1,69520,6
971.010199647,downloading,53231616,45800,1,1,69760,6
976.150783634,downloading,53395456,37859,1,1,69920,6
981.283300303,downloading,53608448,37954,1,1,70128,7
986.388943441,downloading,53821440,41175,1,1,70336,7
991.545024999,downloading,54050816,44703,1,1,70576,7
996.746106569,downloading,54312960,47676,1,1,70816,7
1001.869469181,downloading,54575104,49769,1,1,71072,7
1007.062669114,downloading,54886400,55667,1,1,71376,7
1012.299612311,downloading,55230464,61572,1,1,71728,7
1017.560241200,downloading,55492608,59958,1,1,71968,7
1022.752320282,downloading,55820288,59775,1,1,72288,7
1028.033521419,downloading,56066048,51999,1,1,72480,7
1033.179221672,downloading,56328192,50704,1,1,72752,7
1038.285782613,downloading,56721408,68326,1,1,73120,7
1043.469517319,downloading,57098240,70001,1,1,73488,7
1048.623188093,downloading,57425920,64471,1,1,73808,7
1053.799171660,downloading,57753600,62278,1,1,74128,7
1058.986547848,downloading,58081280,63419,1,1,74448,7
1064.205626581,downloading,58376192,59140,1,1,74736,7
1069.371607261,downloading,58621952,51805,1,1,73588,7
1074.918241649,downloading,58916864,52149,1,1,73860,7
1080.148609027,downloading,59179008,51681,1,1,74116,7
1085.284917575,downloading,59441152,38380,1,1,74412,7
1090.385181580,downloading,59637760,52469,1,1,74604,7
1095.658256511,downloading,59867136,46388,1,1,74828,7
1100.899940337,downloading,60145664,53686,1,1,75100,7
1106.031626042,downloading,60473344,56501,1,1,75416,7
1111.355037151,downloading,60751872,54645,1,1,75688,7
1116.594950197,downloading,61046784,54632,1,1,75976,7
1121.730647933,downloading,61374464,62057,1,1,76296,7
1126.889580152,downloading,61685760,61863,1,1,76600,8
1132.066598319,downloading,61980672,59183,1,1,76888,8
1137.181019576,downloading,62275584,59928,1,1,77192,8
1142.331768012,downloading,62586880,60577,1,1,77480,8
1147.495460360,downloading,62947328,67401,1,1,77832,8
1152.601179483,downloading,63258624,64236,1,1,78152,8
1157.806245922,downloading,63635456,66912,1,1,78504,8
1162.970553778,downloading,63946752,63432,1,1,78808,8
1168.066317667,downloading,64192512,52671,1,1,79048,8
1173.245923796,downloading,64503808,56090,1,1,79352,8
1178.407585181,downloading,64716800,43311,1,1,79560,8
1183.812722811,downloading,64913408,39726,1,1,79768,8
1189.003767414,downloading,65126400,38112,1,1,79960,8
1194.389452695,downloading,65306624,37526,1,1,80136,8
1199.575778729,downloading,65454080,31044,1,1,80280,8
1204.719231622,downloading,65552384,25294,1,1,80392,8
1209.859704090,downloading,65716224,30758,1,1,80512,8
1214.986113357,downloading,65929216,25628,1,1,80720,8
1220.077450629,downloading,66109440,36813,1,1,80896,8
1225.201822333,downloading,66355200,44312,1,1,81136,8
1230.332440268,downloading,66551808,44232,1,1,81328,8
1235.435850148,downloading,66699264,35137,1,1,81472,8
1240.595926623,downloading,66945024,42012,1,1,81712,8
1245.778598456,downloading,67158016,42596,1,1,81920,8
1250.900796261,downloading,67387392,41079,1,1,82144,8
1256.035774192,downloading,67682304,51978,1,1,82432,8
1261.193600454,downloading,67911680,58356,1,1,82668,8
1266.376507903,downloading,68091904,44378,1,1,82844,8
1271.573005508,downloading,68206592,34500,1,1,82956,8
1276.771831795,downloading,68354048,33192,1,1,83100,8
1281.934518588,downloading,68550656,22163,1,1,83292,9
1287.081879955,downloading,68763648,45010,1,1,83500,9
1292.292867336,downloading,69042176,51163,1,1,83772,9
1297.438724855,downloading,69337088,55787,1,1,84060,9
1302.582698043,downloading,69632000,56401,1,1,84348,9
1307.769716381,downloading,69894144,49855,1,1,84604,9
1312.907815320,downloading,70090752,39920,1,1,84796,9
1318.035954406,downloading,70352896,49441,1,1,85052,9
1323.217634033,downloading,71041024,95104,1,1,85724,9
1328.358013591,downloading,71647232,120387,1,1,86316,9
1333.468864553,downloading,72531968,155931,1,1,87204,9
1338.603810206,downloading,73613312,207920,1,1,88260,9
1343.772638801,downloading,73613312,68130,1,1,88260,9
1349.045570816,downloading,74072064,106326,1,1,88708,9
1354.234317962,downloading,74366976,74155,1,1,89012,9
1359.448222351,downloading,74596352,57458,1,1,89220,9
1364.639714367,downloading,74760192,40745,1,1,89380,9
1369.804067042,downloading,74776576,15853,1,1,89396,9
1375.053792466,downloading,74842112,14589,1,1,89460,9
1380.268151691,downloading,74907648,12875,1,1,89540,9
1386.387754739,downloading,75005952,14996,1,1,89620,9
1391.753549781,downloading,75071488,16404,1,1,89684,9
1397.171350359,downloading,75186176,18609,1,1,89796,9
1402.323449663,downloading,75333632,27867,1,1,89940,9
1407.492850851,downloading,75677696,54322,1,1,87432,9
1412.663905143,downloading,76070912,78706,1,1,87816,9
1417.830315291,downloading,76726272,101733,1,1,88456,10
1423.270143241,downloading,77299712,87329,1,1,89016,10
1428.895003399,downloading,77594624,76278,1,1,89512,10
1434.365023204,downloading,78315520,84655,1,1,90008,10
1439.535420716,downloading,78774272,105110,1,1,90456,10
1444.753568004,downloading,79167488,92814,1,1,90796,10
1449.960402731,downloading,79675392,92481,1,1,91292,10
1455.103822604,downloading,79970304,78129,1,1,91580,10
1460.270544611,downloading,80429056,74952,1,1,92028,10
1465.498654495,downloading,80707584,58134,1,1,92300,10
1470.704697517,downloading,81117184,66129,1,1,92716,10
1475.880290384,downloading,81313792,52576,1,1,92892,10
1481.154462029,downloading,81592320,48064,1,1,93164,10
1486.467520033,downloading,81723392,33339,1,1,93048,10
1492.004966182,downloading,81838080,16182,1,1,93160,10
1497.248517434,downloading,81936384,27947,1,1,93256,10
1502.490702617,downloading,82034688,25765,1,1,93352,10
1507.851230629,downloading,82083840,16499,1,1,93400,10
1513.073204886,downloading,82116608,5405,1,1,93432,10
1518.189898049,downloading,82132992,5616,1,1,93448,10
1523.426032055,downloading,82165760,5971,1,1,93480,10
1528.647597608,downloading,82198528,5312,1,1,93528,10
1534.764926936,downloading,82313216,12411,1,1,93624,10
1540.123592766,downloading,82395136,14876,1,1,93704,11
1545.484211462,downloading,82460672,14609,1,1,93768,11
1550.927416166,downloading,82558976,14991,1,1,93864,11
1556.168344792,downloading,82706432,23292,1,1,94008,11
1561.389848183,downloading,82886656,31176,1,1,94216,11
1566.732158996,downloading,83099648,37092,1,1,94392,11
1572.180530972,downloading,83263488,32243,1,1,94488,11
1577.419319191,downloading,83542016,33912,1,1,94812,11
1582.724513495,downloading,83558400,19029,1,1,94828,11
1587.908144786,downloading,83591168,10556,1,1,94860,11
1593.105394506,downloading,83673088,13795,1,1,94940,11
1598.349827439,downloading,83722240,14614,1,1,94988,11
1603.670611745,downloading,83804160,15145,1,1,95084,11
1608.925141045,downloading,83886080,16286,1,1,95148,11
1614.022606570,downloading,84000768,18340,1,1,95260,11
1619.287496254,downloading,84082688,18415,1,1,95340,11
1624.406293202,downloading,84213760,21222,1,1,95468,11
1629.644940548,downloading,84344832,23319,1,1,95596,11
1634.896611177,downloading,84492288,26988,1,1,95740,11
1640.154852707,downloading,84656128,24352,1,1,95916,11
1645.371761055,downloading,84901888,43247,1,1,96156,12
1650.773389592,downloading,85082112,33988,1,1,96316,12
1655.953747166,downloading,85262336,34773,1,1,96492,12
1661.235599204,downloading,85458944,41082,1,1,96684,12
1666.445440865,downloading,85737472,48828,1,1,96956,12
1671.663734514,downloading,86016000,49354,1,1,97228,12
1676.998120306,downloading,86376448,53513,1,1,97580,12
1682.262769769,downloading,86441984,29554,1,1,97644,12
1687.403541046,downloading,86556672,25394,1,1,97700,12
1692.692843973,downloading,86638592,17965,1,1,97784,12
1697.903319481,downloading,86835200,34531,1,1,97976,12
1703.180896942,downloading,87244800,64564,1,1,98376,12
1708.377080234,downloading,87752704,76928,1,1,98936,12
1713.645843722,downloading,88391680,112216,1,1,99560,12
1718.846146767,downloading,88866816,99892,1,1,100024,12
1724.057221909,downloading,89030656,43836,1,1,100184,12
1729.612732504,downloading,89030656,14363,1,1,100184,12
1734.794790181,downloading,89096192,11914,1,1,100264,13
1740.340204978,downloading,89473024,53797,1,1,100616,13
1745.700476600,downloading,89718784,49427,1,1,100856,13
1751.161672387,downloading,90341376,84679,1,1,101496,13
1756.687914068,downloading,91226112,142208,1,1,102360,13
1761.951758958,downloading,91602944,95770,1,1,102712,13
1767.205394120,downloading,91930624,67403,1,1,103016,13
1772.656050611,downloading,92110848,47987,1,1,103192,13
1777.951687891,downloading,92241920,33982,1,1,103320,13
1783.237106569,downloading,92438528,37823,1,1,103512,13
1788.357614546,downloading,92651520,41739,1,1,103720,13
1794.142750975,downloading,92782592,25117,1,1,103848,13
1799.488346132,downloading,92913664,21316,1,1,103976,13
1804.743557110,downloading,93011968,21266,1,1,104088,13
1810.293088636,downloading,93126656,22751,1,1,104148,13
1815.514248709,downloading,93224960,18387,1,1,104228,13
1821.087784188,downloading,93339648,19451,1,1,104356,14
1826.406659435,downloading,93454336,18662,1,1,104452,14
1831.624921336,downloading,93585408,24899,1,1,104580,14
1837.261904510,downloading,93700096,20840,1,1,104708,14
1842.535483530,downloading,93814784,24385,1,1,104804,14
1847.695537871,downloading,93913088,21609,1,1,104900,14
1852.867559232,downloading,94109696,29970,1,1,105108,14
1858.098815792,downloading,94470144,55182,1,1,105508,14
1863.584021931,downloading,95043584,93317,1,1,106004,14
1868.765637141,downloading,95256576,62630,1,1,106200,14
1874.005021760,downloading,95354880,33424,1,1,106296,14
1879.263658224,downloading,95567872,41872,1,1,106572,14
1884.569775790,downloading,95813632,47072,1,1,106748,14
1889.721830717,downloading,95977472,40004,1,1,106908,14
1894.920668511,downloading,96190464,37516,1,1,107116,14
1900.209738337,downloading,96403456,42266,1,1,107324,14
1906.024684376,downloading,96567296,31734,1,1,107484,14
1911.140661870,downloading,96698368,27228,1,1,107612,14
1916.483779130,downloading,96747520,13212,1,1,107660,14
1921.679086680,downloading,96747520,4328,1,1,107660,14
1926.851800765,downloading,96747520,1417,1,1,107660,14
1931.982062032,downloading,96747520,463,1,1,107660,14
1937.251634431,downloading,96796672,5432,1,1,107644,14
1942.384475448,downloading,96845824,7705,1,1,107692,14
1947.539159641,downloading,96911360,14054,1,1,107756,14
1953.017147984,downloading,96944128,10157,1,1,107788,14
1958.399156741,downloading,96993280,6380,1,1,107836,14
1963.571171331,downloading,97026048,7267,1,1,107868,14
1968.730302389,downloading,97075200,10215,1,1,107932,14
1974.258284014,downloading,97124352,8886,1,1,107964,14
1979.537274237,downloading,97206272,12242,1,1,108044,14
1984.767583708,downloading,97271808,14406,1,1,108104,14
1990.094298108,downloading,97402880,17622,1,1,108220,14
1995.281815289,downloading,97566720,26457,1,1,108356,14
2000.373759506,downloading,97796096,43609,1,1,108580,14
2005.609121788,downloading,97976320,42765,1,1,108756,15
2010.772480744,downloading,98254848,48081,1,1,109092,15
2015.944930570,downloading,98516992,52695,1,1,109348,15
2021.144177081,downloading,98926592,67254,1,1,109748,15
2026.406558395,downloading,99516416,108728,1,1,110324,15
2031.594695691,downloading,100155392,102203,1,1,110948,15
2036.737810254,downloading,100483072,84706,1,1,111268,15
2041.854365650,downloading,100909056,86805,1,1,111684,15
2046.970870029,downloading,101580800,106338,1,1,112340,15
2052.271537385,downloading,101990400,94934,1,1,112740,15
2058.072612643,downloading,102137856,43048,1,1,112884,15
2063.370613238,downloading,102252544,26328,1,1,112996,15
2068.508526024,downloading,102334464,18328,1,1,113068,15
2073.686413602,downloading,102449152,20667,1,1,113180,15
2078.871760860,downloading,102547456,20422,1,1,113276,15
2084.348208521,downloading,102662144,19641,1,1,113388,15
2089.495226541,downloading,102727680,15403,1,1,113452,15
2094.725911558,downloading,102793216,11507,1,1,113532,15
2099.881138559,downloading,102842368,11232,1,1,113564,16
2105.079792657,downloading,102891520,8359,1,1,113612,16
2110.329622089,downloading,102957056,12432,1,1,113616,16
2115.443670032,downloading,103022592,14291,1,1,113680,16
2120.612672690,downloading,103071744,13961,1,1,113728,16
2125.764248624,downloading,103137280,12011,1,1,113792,16
2130.932581141,downloading,103170048,8612,1,1,113824,16
2136.068792612,downloading,103202816,8427,1,1,113872,16
2141.344613664,downloading,103268352,9077,1,1,113920,16
2146.575968081,downloading,103333888,12316,1,1,113984,16
2151.824887252,downloading,103399424,12367,1,1,114048,16
2157.087566983,downloading,103481344,13044,1,1,114128,16
2162.373304651,downloading,103563264,15153,1,1,114224,16
2167.612347856,downloading,103661568,15537,1,1,114296,16
2172.805750342,downloading,103759872,17350,1,1,114392,16
2178.152727504,downloading,103890944,24865,1,1,114524,16
2183.518158408,downloading,104005632,26437,1,1,114636,16
2189.064304348,downloading,104120320,25463,1,1,114764,16
2194.206049615,downloading,104284160,28867,1,1,114924,16
2199.493049318,downloading,104448000,32223,1,1,115084,16
2204.663197443,downloading,104579072,26783,1,1,115212,16
2209.823398915,downloading,104710144,23604,1,1,115340,16
2215.059722657,downloading,104857600,24609,1,1,115484,16
2220.436219971,downloading,105005056,26600,1,1,115628,16
2225.785998618,downloading,105218048,33532,1,1,115836,16
2231.253231741,downloading,105283584,22928,1,1,115900,16
2236.356170269,downloading,105381888,18604,1,1,116012,16
2241.556493985,downloading,105447424,15070,1,1,116060,16
2246.815833480,downloading,105496576,12685,1,1,116108,16
2252.161709961,downloading,105512960,6939,1,1,116124,16
2257.357443734,downloading,105545728,5791,1,1,116156,16
2262.518718217,downloading,105578496,6749,1,1,116188,17
2267.686134261,downloading,105611264,6277,1,1,116220,17
2272.878625323,downloading,105644032,7049,1,1,116252,17
2277.985088078,downloading,105676800,9408,1,1,116284,17
2283.504409962,downloading,105742336,9983,1,1,116348,17
2288.944250111,downloading,105791488,10219,1,1,116396,17
2294.141155391,downloading,105807872,6887,1,1,116412,17
2299.266484950,downloading,105840640,5740,1,1,116444,17
2304.551318625,downloading,105873408,7448,1,1,116476,17
2310.033561065,downloading,105922560,7359,1,1,116540,17
2315.152381568,downloading,105971712,8638,1,1,116572,17
2320.694766876,downloading,106020864,9343,1,1,116620,17
2325.830932909,downloading,106070016,9780,1,1,116668,17
2330.955763826,downloading,106119168,10961,1,1,116716,17
2336.149206854,downloading,106135552,7206,1,1,116732,17
2341.319695753,downloading,106168320,6413,1,1,116764,17
2346.490820431,downloading,106201088,6852,1,1,116796,17
2351.745429101,downloading,106266624,8734,1,1,116860,17
2357.335913163,downloading,106315776,9747,1,1,116924,17
2362.762130585,downloading,106381312,8876,1,1,116972,17
2368.356788041,downloading,106414080,8720,1,1,117004,17
2373.458892673,downloading,106430464,6288,1,1,117020,17
2378.674282341,downloading,106479616,7413,1,1,117068,17
2383.972858002,downloading,106496000,6174,1,1,117084,17
2389.225872409,downloading,106528768,4670,1,1,117116,17
2394.626000964,downloading,106577920,8254,1,1,117164,18
2399.963128549,downloading,106594304,6504,1,1,117180,18
2405.184293699,downloading,106643456,5334,1,1,117224,18
2410.439207118,downloading,106676224,9639,1,1,117272,18
2415.656493958,downloading,106725376,8974,1,1,117264,18
2420.781653500,downloading,106774528,10647,1,1,117312,18
2426.056255815,downloading,106823680,9223,1,1,117360,18
2431.341910148,downloading,106889216,11357,1,1,117424,18
2437.032212257,downloading,106954752,12744,1,1,117096,18
2442.283390834,downloading,106987520,8290,1,1,117128,18
2447.575590308,downloading,107036672,10277,1,1,117176,18
2452.769635105,downloading,107085824,8593,1,1,117224,18
2458.154736816,downloading,107151360,11171,1,1,117288,18
2463.354006943,downloading,107200512,10115,1,1,117336,18
2468.550002882,downloading,107266048,12861,1,1,117400,18
2473.850556776,downloading,107331584,14004,1,1,117464,18
2479.060874987,downloading,107331584,4588,1,1,117464,18
2484.390235317,downloading,107364352,4700,1,1,117496,18
2489.538095087,downloading,107397120,6111,1,1,117528,18
2494.705332762,downloading,107446272,7514,1,1,117576,18
2499.974170083,downloading,107495424,9699,1,1,117624,18
2505.730284380,downloading,107560960,11071,1,1,117688,18
2510.998528216,downloading,107626496,12424,1,1,117752,18
2516.232914916,downloading,107692032,13208,1,1,117816,18
2521.456584923,downloading,107790336,15092,1,1,117912,18
2526.648816334,downloading,107855872,14598,1,1,117976,18
2532.304072657,downloading,107937792,16189,1,1,118056,18
2537.536784241,downloading,108003328,13992,1,1,118120,18
2542.937843229,downloading,108085248,12513,1,1,118200,18
2548.285385993,downloading,108150784,13769,1,1,118264,19
2553.776537661,downloading,108216320,12823,1,1,118344,19
2559.020505501,downloading,108298240,13321,1,1,118408,19
2564.250444805,downloading,108347392,8297,1,1,118456,19
2569.582899873,downloading,108363776,7054,1,1,118472,19
2575.051623414,downloading,108429312,10076,1,1,118536,19
2580.257455978,downloading,108478464,8157,1,1,118584,19
2585.399263871,downloading,108544000,9538,1,1,118648,19
2590.810231003,downloading,108609536,13542,1,1,118712,19
2596.066165772,downloading,108691456,14974,1,1,118792,19
2601.230345585,downloading,108707840,7324,1,1,118808,19
2606.424931136,downloading,108789760,12440,1,1,118888,19
2611.625826075,downloading,108871680,14942,1,1,118956,19
2616.912293774,downloading,108937216,12791,1,1,119020,19
2622.393369986,downloading,109019136,15075,1,1,119100,20
2627.569085227,downloading,109101056,15921,1,1,119180,20
2632.797524408,downloading,109182976,14133,1,1,119260,20
2637.973930201,downloading,109264896,15634,1,1,119340,20
2643.131405592,downloading,109330432,16296,1,1,119404,20
2648.368747360,downloading,109428736,13109,1,1,119500,20
2653.599353279,downloading,109494272,13929,1,1,119564,20
2658.808401063,downloading,109592576,16877,1,1,119660,20
2664.212409279,downloading,109674496,15538,1,1,119740,20
2669.387296351,downloading,109740032,16024,1,1,119820,20
2674.757319661,downloading,109838336,16185,1,1,119900,20
2679.995426202,downloading,109903872,14482,1,1,119964,20
2685.215949965,downloading,109985792,15650,1,1,120044,20
2690.397970095,downloading,110067712,15776,1,1,120124,20
2695.694699602,downloading,110149632,14180,1,1,120204,20
2701.039175521,downloading,110231552,15403,1,1,120284,20
2706.288802036,downloading,110297088,13793,1,1,120348,20
2711.408430697,downloading,110379008,15052,1,1,120428,20
2716.518433579,downloading,110460928,15976,1,1,120508,20
2721.866084327,downloading,110542848,16847,1,1,120588,20
2727.096138843,downloading,110608384,17565,1,1,120652,20
2732.272491957,downloading,110608384,5754,1,1,120652,20
2737.409352117,downloading,110624768,2282,1,1,120668,20
2742.802231708,downloading,110657536,4896,1,1,120700,20
2748.017010376,downloading,110690304,5518,1,1,120732,20
2753.229710058,downloading,110706688,3875,1,1,120748,20
2758.378085335,downloading,110739456,4548,1,1,120780,20
2763.647153833,downloading,110837760,12796,1,1,120028,20
2768.807143718,downloading,110952448,19417,1,1,117648,20
2774.057193240,downloading,111083520,24140,1,1,116224,20
2779.232885737,downloading,111230976,27603,1,1,116388,20
2784.447201396,downloading,111476736,42992,1,1,116628,20
2789.583185104,downloading,111869952,62494,1,1,117012,20
2794.777377664,downloading,112312320,77227,1,1,117452,20
2799.974953796,downloading,112689152,81912,1,1,117820,20
2805.095261510,downloading,112934912,54561,1,1,118096,20
2810.242166680,downloading,113033216,32286,1,1,118192,20
2815.565971943,downloading,113262592,42583,1,1,118424,21
2820.756305312,downloading,113557504,52496,1,1,118728,21
2826.055773088,downloading,113803264,50874,1,1,118968,21
2831.302404686,downloading,114081792,47548,1,1,117860,21
2836.557147249,downloading,114081792,15867,1,1,114560,21
2841.996921226,downloading,114114560,11362,1,1,114592,21
2847.123900344,downloading,114245632,19119,1,1,111648,21
2852.357870856,downloading,114409472,29938,1,1,111828,21
2857.670925765,downloading,114622464,38531,1,1,112036,21
2863.190547902,downloading,114900992,44054,1,1,112052,21
2868.370591261,downloading,115212288,55130,1,1,112356,21
2873.996109922,downloading,115539968,60011,1,1,112696,21
2879.328896071,downloading,115785728,50971,1,1,112440,21
2884.594932876,downloading,115998720,44637,1,1,112632,21
2889.772017973,downloading,116211712,45181,1,1,112796,21
2894.987033088,downloading,116424704,41414,1,1,113016,21
2900.130647604,downloading,116604928,37235,1,1,113192,21
2905.324882127,downloading,116785152,35805,1,1,113384,21
2910.458014113,downloading,116916224,28023,1,1,113496,21
2915.560837558,downloading,117030912,21771,1,1,113608,22
2920.973239284,downloading,117161984,22921,1,1,113752,22
2926.129539222,downloading,117358592,34374,1,1,113928,22
2931.397739711,downloading,117555200,34415,1,1,114144,22
2936.669616906,downloading,117686272,29526,1,1,114272,22
2941.856573631,downloading,117850112,32958,1,1,114432,22
2946.972719860,downloading,117997568,29578,1,1,114592,22
2952.153008389,downloading,118194176,35103,1,1,114768,22
2957.673316981,downloading,118374400,34744,1,1,114944,22
2963.109193832,downloading,118538240,32829,1,1,115124,22
2968.240089746,downloading,118669312,31386,1,1,115252,22
2973.435179518,downloading,118833152,32533,1,1,115412,22
2978.621516860,downloading,119013376,38604,1,1,115604,22
2984.074359549,downloading,119144448,29261,1,1,115716,22
2989.306724241,downloading,119242752,22416,1,1,115812,22
2994.547151371,downloading,119341056,21501,1,1,115908,22
2999.685489830,downloading,119455744,19389,1,1,116020,22
3004.874807959,downloading,119554048,18138,1,1,116120,22
3010.053198595,downloading,119668736,15733,1,1,116232,22
3015.230560009,downloading,119767040,17143,1,1,116328,22
3020.341463120,downloading,119848960,14316,1,1,116408,22
3025.623664045,downloading,119881728,8330,1,1,116440,22
3030.978445617,downloading,119930880,10424,1,1,116488,22
3036.257073402,downloading,119996416,10868,1,1,116552,22
3041.669076566,downloading,120061952,11388,1,1,116616,22
3047.024516822,downloading,120160256,15412,1,1,116712,22
3052.278742023,downloading,120193024,9943,1,1,116744,22
3057.547037977,downloading,120258560,11523,1,1,116808,23
3062.665353706,downloading,120356864,14697,1,1,116904,23
3067.798536470,downloading,120389632,10188,1,1,116936,23
3072.957629753,downloading,120455168,11481,1,1,117000,23
3078.140726727,downloading,120553472,15268,1,1,117096,23
3083.321364703,downloading,120619008,15047,1,1,117164,23
3088.498290139,downloading,120684544,13721,1,1,117244,23
3093.690472416,downloading,120766464,15104,1,1,117308,23
3098.832005975,downloading,120848384,14965,1,1,117388,23
3104.002158025,downloading,120913920,14665,1,1,117452,23
3109.138896311,downloading,120979456,11322,1,1,117516,23
3114.331392822,downloading,121012224,9844,1,1,117548,23
3119.545923786,downloading,121012224,3024,1,1,117548,23
3124.735025767,downloading,121044992,2866,1,1,117580,23
3129.871201705,downloading,121061376,3299,1,1,117596,23
3135.000788895,downloading,121094144,3871,1,1,117628,23
3140.123169997,downloading,121126912,5898,1,1,117660,23
3145.293799709,downloading,121176064,9994,1,1,117708,23
3150.480730275,downloading,121208832,5940,1,1,117740,23
3155.768614492,downloading,121241600,6417,1,1,117772,23
3160.947169796,downloading,121274368,4812,1,1,117804,23
3166.167473988,downloading,121339904,9203,1,1,117868,23
3171.310525194,downloading,121389056,7580,1,1,117916,23
3176.504648900,downloading,121421824,9799,1,1,117948,23
3181.611426789,downloading,121487360,7415,1,1,118012,23
3186.934081486,downloading,121536512,11039,1,1,116312,23
3192.068310567,downloading,121602048,12563,1,1,116376,23
3197.252643777,downloading,121634816,9715,1,1,116412,24
3202.530809555,downloading,121700352,6577,1,1,114672,24
3207.664645083,downloading,121749504,11991,1,1,112340,24
3212.803000708,downloading,121831424,13051,1,1,110536,24
3218.026595903,downloading,121864192,7588,1,1,108776,24
3223.197099894,downloading,121896960,6004,1,1,102120,24
3228.457233276,downloading,121962496,11082,1,1,98600,24
3233.580441776,downloading,121995264,7256,1,1,97988,24
3238.700345992,downloading,121995264,2376,1,1,92716,24
3243.921572274,downloading,121995264,777,1,1,92716,24
3249.038221942,downloading,121995264,201,1,1,92716,24
3254.204020187,downloading,122044416,5063,1,1,92764,24
3259.372808691,downloading,122109952,9833,1,1,92828,24
3264.536861423,downloading,122191872,16435,1,1,92908,24
3269.694676708,downloading,122290176,17443,1,1,93004,24
3274.878309310,downloading,122421248,21348,1,1,93132,24
3280.161788162,downloading,122568704,27551,1,1,93276,24
3285.597026149,downloading,122798080,34274,1,1,93516,24
3290.896691515,downloading,123027456,43603,1,1,93724,24
3296.361612320,downloading,123371520,53585,1,1,94076,24
3301.760103405,downloading,123846656,84269,1,1,94540,24
3306.928224643,downloading,124518400,113132,1,1,95212,24
3312.102576328,downloading,125353984,143263,1,1,96028,24
3317.291172847,downloading,125976576,130121,1,1,96668,24
3322.675483495,downloading,126468096,101352,1,1,97132,24
3327.865383850,downloading,126844928,82945,1,1,97532,24
3333.047195547,downloading,127533056,105026,1,1,98216,24
3338.209344398,downloading,128368640,171048,1,1,99124,25
3343.337364914,downloading,128401408,61441,1,1,99156,25
3348.569483885,downloading,128466944,23984,1,1,99220,25
3353.850322495,downloading,128516096,14351,1,1,99268,25
3359.048270178,downloading,128794624,33585,1,1,99540,25
3364.214238098,downloading,128991232,38994,1,1,99748,25
3369.444844879,downloading,129089536,30117,1,1,99844,25
3375.144480435,downloading,129204224,20472,1,1,99988,25
3380.756378734,downloading,129286144,12347,1,1,100036,25
3386.002144746,downloading,129351680,13581,1,1,100100,25
3391.306112731,downloading,129400832,11173,1,1,100148,25
3396.600506364,downloading,129433600,5831,1,1,100180,25
3401.834131516,downloading,129531904,11936,1,1,100276,25
3406.942234183,downloading,129564672,11820,1,1,100308,25
3412.114650870,downloading,129581056,7559,1,1,100324,25
3417.326756777,downloading,129597440,4768,1,1,100340,25
3422.504433926,downloading,129630208,4148,1,1,100372,25
3427.617139556,downloading,129662976,3989,1,1,100352,25
3432.724192319,downloading,129695744,2001,1,1,100384,25
3437.864060867,downloading,129712128,5514,1,1,100400,25
3442.969020794,downloading,129728512,4561,1,1,100416,25
3448.178175859,downloading,129761280,5012,1,1,100448,25
3453.378311562,downloading,129794048,7981,1,1,100480,25
3458.540682046,downloading,129826816,7233,1,1,100512,25
3463.750292472,downloading,129859584,7172,1,1,100544,25
3468.957930506,downloading,129892352,5690,1,1,100576,25
3474.138647372,downloading,129925120,7105,1,1,100608,25
3479.297238135,downloading,129974272,7711,1,1,100656,25
3484.441295710,downloading,129974272,4413,1,1,100656,25
3489.560281311,downloading,130007040,5328,1,1,100676,25
3494.659068369,downloading,130039808,4768,1,1,100728,25
3499.782647718,downloading,130105344,9195,1,1,100792,25
3504.903794769,downloading,130154496,6878,1,1,100840,25
3510.123008545,downloading,130203648,9786,1,1,100888,25
3515.287502313,downloading,130269184,12476,1,1,100952,25
3520.571327628,downloading,130334720,11170,1,1,101016,26
3526.015496815,downloading,130400256,11628,1,1,101080,26
3531.106637409,downloading,130449408,11292,1,1,101128,26
3536.266717800,downloading,130514944,13215,1,1,101192,26
3541.437447323,downloading,130547712,9338,1,1,101224,26
3546.646480295,downloading,130596864,9228,1,1,101272,26
3552.201627069,downloading,130629632,7505,1,1,101292,26
3557.471223674,downloading,130678784,10133,1,1,101340,26
3562.597028460,downloading,130727936,7734,1,1,101388,26
3567.897615384,downloading,130777088,10119,1,1,101436,26
3573.118161770,downloading,130842624,13004,1,1,101500,26
3578.330710305,downloading,130891776,11394,1,1,101548,26
3583.504628065,downloading,130940928,12087,1,1,101596,26
3588.764333962,downloading,130973696,7168,1,1,101628,26
3593.984822221,downloading,131022848,9148,1,1,101676,26
3599.177901281,downloading,131072000,9329,1,1,101744,26
3604.356930811,downloading,131104768,4875,1,1,101776,26
3609.552338343,downloading,131170304,5504,1,1,101844,26
3614.663032849,downloading,131186688,6970,1,1,101860,26
3619.806681106,downloading,131235840,10108,1,1,101908,26
3624.945434753,downloading,131284992,8353,1,1,101956,26
3630.093312139,downloading,131284992,3707,1,1,101956,26
3635.274324319,downloading,131317760,5634,1,1,101988,26
3640.676341522,downloading,131366912,4415,1,1,102036,26
3645.803416684,downloading,131432448,6698,1,1,102100,26
3650.983407423,downloading,131465216,10846,1,1,102132,26
3656.237604762,downloading,131514368,5299,1,1,102180,26
3661.389071873,downloading,131547136,8928,1,1,102212,26
3666.536013797,downloading,131579904,7735,1,1,102244,26
3671.745607104,downloading,131629056,7819,1,1,102292,26
3676.944240912,downloading,131661824,8017,1,1,102340,26
3682.189920414,downloading,131694592,6311,1,1,102356,26
3687.358494435,downloading,131727360,4515,1,1,102388,26
3692.575041240,downloading,131760128,6816,1,1,102420,26
3697.713657627,downloading,131792896,6126,1,1,102452,26
3702.833619811,downloading,131842048,7737,1,1,99428,26
3708.035651934,downloading,131907584,10741,1,1,99492,26
3713.192015359,downloading,131940352,8908,1,1,99524,26
3718.437847532,downloading,131973120,7041,1,1,99556,26
3723.580399536,downloading,131989504,4014,1,1,99572,26
3728.790393998,downloading,132022272,5954,1,1,99604,26
3734.024951156,downloading,132087808,11372,1,1,97592,26
3739.216597695,downloading,132153344,9754,1,1,96140,26
3744.451559674,downloading,132169728,5668,1,1,96156,26
3749.723565512,downloading,132268032,14429,1,1,94712,26
3755.428267439,downloading,132464640,33755,1,1,94904,26
3760.604543947,downloading,132907008,62746,1,1,95352,27
3765.869842879,downloading,133753949,113156,1,1,96328,27
3771.380702570,downloading,134704221,128142,1,1,95712,27
3776.560012064,downloading,135195741,106316,1,1,96192,27
3781.739648789,downloading,135556189,89176,1,1,96616,27
3786.993747269,downloading,136096861,90274,1,1,97144,27
3792.255907198,downloading,136555613,98650,1,1,97596,27
3797.366604178,downloading,137604189,135939,1,1,97116,27
3802.548105264,downloading,138701917,202340,1,1,95104,27
3807.717689819,downloading,139832413,202225,1,1,96272,27
3812.922807917,downloading,141077597,233027,1,1,97444,28
3818.295000168,downloading,141945949,179722,1,1,98292,28
3823.666138319,downloading,142715997,158882,1,1,99152,28
3828.943118770,downloading,143584349,149894,1,1,96704,28
3834.516803475,downloading,144206941,118316,1,1,93928,28
3839.952702119,downloading,144747613,124053,1,1,94116,28
3845.342301414,downloading,145615965,142565,1,1,95012,28
3850.789098836,downloading,146467933,136310,1,1,95736,28
3856.060390146,downloading,147205213,156184,1,1,96472,28
3861.238187708,downloading,147975261,158257,1,1,97224,28
3866.450162407,downloading,148991069,183879,1,1,96720,28
3871.792636867,downloading,149924957,179733,1,1,97616,28
3876.994335051,downloading,150957149,138548,1,1,98624,29
3882.326445299,downloading,151530589,163401,1,1,96116,29
3887.782249984,downloading,152169565,134152,1,1,84556,29
3893.196767027,downloading,152628317,97292,1,1,83724,29
3898.389749721,downloading,152661085,35772,1,1,83104,29
3903.581587689,downloading,152890461,34672,1,1,83328,29
3908.872685883,downloading,152890461,11360,1,1,83328,29
3914.130822253,downloading,152906845,4255,1,1,83344,29
3919.304648715,downloading,152955997,5987,1,1,83392,29
3924.600326055,downloading,153005149,7723,1,1,83440,29
3929.802303245,downloading,153021533,5134,1,1,83456,29
3935.068207732,downloading,153087069,11700,1,1,83520,29
3940.269456583,downloading,153152605,14158,1,1,83604,29
3945.429090300,downloading,153283677,19842,1,1,83716,29
3950.558886495,downloading,153431133,28517,1,1,83860,29
3955.745057956,downloading,153660509,39132,1,1,84084,29
3960.892431203,downloading,153758813,25973,1,1,84180,29
3966.055317965,downloading,153775197,8739,1,1,84196,29
3971.229604472,downloading,153857117,9433,1,1,84244,29
3976.553872093,downloading,153857117,3089,1,1,84244,29
3981.773261804,downloading,153857117,808,1,1,84244,29
3987.066372594,downloading,153857117,263,1,1,84244,30
3992.419521244,downloading,153857117,85,1,1,84244,30
3997.781649236,downloading,153857117,21,1,1,84244,30
4003.145862475,downloading,153857117,5,1,1,84244,30
4008.452758472,downloading,153857117,0,1,1,84244,30
4013.570141987,downloading,153857117,359,1,1,84244,30
4018.828217775,downloading,153889885,5042,1,1,82080,30
4024.018241807,downloading,153906269,3363,1,1,82096,30
4029.254734495,downloading,153988189,10432,1,1,82160,30
4034.459566299,downloading,154086493,15926,1,1,80960,30
4039.694044769,downloading,154201181,17489,1,1,81088,30
4044.902403694,downloading,154365021,27518,1,1,81248,30
4050.045576404,downloading,154594397,40820,1,1,81472,30
4055.180802139,downloading,154856541,46396,1,1,81744,30
4060.375358226,downloading,155135069,48821,1,1,80480,30
4065.579556175,downloading,155413597,55319,1,1,80764,30
4070.854043296,downloading,155610205,39529,1,1,80956,30
4076.029568962,downloading,155823197,37539,1,1,81164,30
4081.235244450,downloading,156068957,41971,1,1,81436,30
4086.638330585,downloading,156347485,49517,1,1,81680,30
4091.945517544,downloading,156560477,43486,1,1,79376,30
4097.059463495,downloading,156822621,45853,1,1,77032,30
4102.262239590,downloading,156920925,25737,1,1,77112,30
4107.442684925,downloading,157133917,33961,1,1,77320,30
4112.875593519,downloading,157396061,42314,1,1,77048,30
4118.032356246,downloading,157527133,15042,1,1,77176,30
4123.320992898,downloading,157690973,31823,1,1,77336,30
4128.534082687,downloading,157887581,39674,1,1,77528,30
4133.778471775,downloading,158035037,31264,1,1,76380,31
4138.947441033,downloading,158084189,13987,1,1,75232,31
4144.508887328,downloading,158215261,13392,1,1,72632,31
4149.725193289,downloading,158248029,10313,1,1,72664,31
4154.891316223,downloading,158280797,6800,1,1,72696,31
4160.084789988,downloading,158329949,9684,1,1,71240,31
4165.301395612,downloading,158395485,12910,1,1,71324,31
4170.530631454,downloading,158510173,18926,1,1,71420,31
4175.673169075,downloading,158624861,19867,1,1,71276,31
4180.808804918,downloading,158755933,23716,1,1,71420,31
4186.042317340,downloading,158936157,28866,1,1,71580,31
4191.163527756,downloading,159083613,27403,1,1,71724,31
4196.372260805,downloading,159312989,33404,1,1,71964,31
4201.527596329,downloading,159509597,38086,1,1,71420,31
4206.721341233,downloading,159640669,30221,1,1,70568,31
4211.853075231,downloading,159788125,21930,1,1,70676,31
4217.101955200,downloading,159935581,28112,1,1,70820,31
4222.250356718,downloading,160083037,32751,1,1,70980,31
4227.447246735,downloading,160246877,28774,1,1,71124,31
4232.579358483,downloading,160394333,30605,1,1,71268,31
4237.734163517,downloading,160541789,25974,1,1,71432,31
4242.985528093,downloading,160705629,22596,1,1,71576,31
4248.203128256,downloading,160803933,18927,1,1,71672,31
4253.561399431,downloading,160918621,24627,1,1,71784,31
4258.726082734,downloading,161115229,26732,1,1,71976,32
4263.937839834,downloading,161541213,62875,1,1,72416,32
4269.327099847,downloading,162491485,141109,1,1,73380,32
4274.531912683,downloading,164146269,280583,1,1,75000,32
4279.679729538,downloading,165604445,288710,1,1,76616,32
4284.849138909,downloading,168684637,326540,1,1,80504,32
4290.394685035,downloading,171387997,455531,1,1,83132,32
4295.723821158,downloading,174812253,612460,1,1,86536,32
4301.037716635,downloading,177859677,592352,1,1,89736,32
4306.479409547,downloading,181595229,666623,1,1,94044,33
4311.893127939,downloading,185396317,602982,1,1,97464,33
4317.020139815,downloading,188427357,569667,1,1,100436,33
4322.260213354,downloading,189312093,280633,1,1,101304,33
4327.451824488,downloading,189443165,108843,1,1,101448,33
4332.697707910,downloading,189918301,98003,1,1,101896,33
4337.881023945,downloading,190229597,79974,1,1,102200,33
4343.066506357,downloading,190442589,54350,1,1,102408,33
4348.224306008,downloading,190524509,31606,1,1,102488,33
4353.388190065,downloading,190557277,15207,1,1,102520,33
4358.512673418,downloading,190655581,18672,1,1,102616,33
4364.037094583,downloading,190803037,19931,1,1,102760,33
4369.189585957,downloading,190950493,23733,1,1,102936,33
4374.319468744,downloading,191032413,21007,1,1,103000,33
4379.488680266,downloading,191212637,26789,1,1,103176,33
4384.649898733,downloading,191458397,41492,1,1,103416,34
4389.840407406,downloading,191655005,35459,1,1,103560,34
4394.952338767,downloading,191655005,14441,1,1,103560,34
4400.074437454,downloading,191736925,14855,1,1,103640,34
4405.206966731,downloading,191802461,10835,1,1,103704,34
4410.405250921,downloading,191884381,17966,1,1,103784,34
4415.557293099,downloading,191933533,9292,1,1,103840,34
4420.691349359,downloading,191999069,14393,1,1,103920,34
4425.851776994,downloading,192064605,13840,1,1,103968,34
4430.975734172,downloading,192146525,14732,1,1,104048,34
4436.187662871,downloading,192212061,12564,1,1,104112,34
4441.313927751,downloading,192359517,22628,1,1,104256,34
4446.468286923,downloading,192490589,28116,1,1,104384,34
4451.644325992,downloading,192556125,21292,1,1,104448,34
4456.818603656,downloading,192638045,16857,1,1,104528,34
4462.010195353,downloading,192736349,15269,1,1,104624,34
4467.166005763,downloading,192834653,14836,1,1,104720,34
4472.333744715,downloading,192949341,23116,1,1,104844,34
4477.609132614,downloading,193162333,32738,1,1,105084,34
4482.948441199,downloading,193440861,49824,1,1,105324,34
4488.204457552,downloading,193571933,36175,1,1,105408,34
4493.360038777,downloading,193784925,34824,1,1,105632,34
4498.486623168,downloading,193932381,42307,1,1,105760,34
4503.624139788,downloading,193932381,11089,1,1,105760,34
4508.795499119,downloading,193932381,3632,1,1,105748,34
4514.023205054,downloading,193948765,1350,1,1,105268,34
4519.277458918,downloading,193948765,441,1,1,105180,34
4524.470397225,downloading,193965149,734,1,1,105196,34
4529.775076892,downloading,194063453,12368,1,1,105296,34
4535.130963462,downloading,194161757,15203,1,1,105392,34
4540.575605753,downloading,194243677,16674,1,1,105472,34
4545.706412792,downloading,194309213,15904,1,1,103768,34
4550.884609667,downloading,194341981,8248,1,1,103800,34
4556.265912968,downloading,194374749,6359,1,1,98632,34
4561.489861908,downloading,194456669,13362,1,1,98708,34
4566.711639060,downloading,194554973,17154,1,1,98780,35
4571.956268128,downloading,194653277,17493,1,1,98864,35
4577.078181645,downloading,194767965,23107,1,1,98992,35
4582.249855942,downloading,194980957,34794,1,1,99200,35
4587.500231506,downloading,195177565,33969,1,1,99388,35
4592.685941142,downloading,195374173,34344,1,1,99580,35
4597.865394011,downloading,195603549,40096,1,1,99804,35
4603.301912419,downloading,195914845,56255,1,1,100108,35
4608.533607179,downloading,196324445,69930,1,1,100532,35
4613.750417882,downloading,196717661,72810,1,1,100916,35
4618.972132079,downloading,197045341,68477,1,1,101236,35
4624.167568174,downloading,197373021,67709,1,1,101592,35
4629.396592527,downloading,197602397,47799,1,1,101800,35
4634.593366839,downloading,197880925,53812,1,1,102088,35
4639.881388023,downloading,198241373,62876,1,1,102436,35
4645.042176411,downloading,198601821,68228,1,1,102788,35
4650.153213945,downloading,199011421,76482,1,1,103188,35
4655.348583739,downloading,199339101,71212,1,1,103528,35
4660.424834927,downloading,199732317,72617,1,1,103912,35
4665.595727475,downloading,200092765,71342,1,1,104280,35
4670.722843789,downloading,200485981,72829,1,1,104668,35
4675.842919333,downloading,200944733,81828,1,1,105116,35
4680.967704491,downloading,201354333,81503,1,1,105548,35
4686.157547430,downloading,201714781,77384,1,1,105884,35
4691.388891551,downloading,201944157,51148,1,1,106108,35
4696.536133289,downloading,202271837,58142,1,1,106428,35
4701.657903571,downloading,202353757,31463,1,1,106508,35
4706.806109853,downloading,202550365,32363,1,1,106712,35
4711.947948811,downloading,202697821,34103,1,1,106856,35
4717.100342880,downloading,202910813,40608,1,1,107140,35
4722.226134295,downloading,203107421,37848,1,1,107332,35
4727.391912590,downloading,203304029,37575,1,1,107524,35
4732.549071163,downloading,203418717,24441,1,1,107636,36
4737.792173599,downloading,203598941,32715,1,1,107832,36
4742.961742230,downloading,203910237,50923,1,1,108136,36
4748.130174137,downloading,204205149,61026,1,1,108408,36
4753.496045064,downloading,204680285,88593,1,1,108732,36
4758.691813570,downloading,205270109,96878,1,1,109292,36
4763.834437021,downloading,205614173,72698,1,1,109632,36
4768.941032435,downloading,206269533,105680,1,1,110272,36
4774.073067207,downloading,206744669,91158,1,1,110736,36
4779.211270151,downloading,207203421,95139,1,1,111184,36
4784.344505854,downloading,207727709,94382,1,1,110024,36
4789.727165372,downloading,208251997,104809,1,1,109308,36
4794.897920182,downloading,208759901,107458,1,1,109788,36
4800.153997837,downloading,209333341,100238,1,1,110332,36
4805.334450664,downloading,209972317,113519,1,1,110964,36
4810.572849526,downloading,210529373,107129,1,1,111528,36
4815.675058974,downloading,210988125,93040,1,1,111972,37
4820.884022200,downloading,211414109,77926,1,1,112388,37
4826.061515423,downloading,211807325,86314,1,1,112772,37
4831.191288184,downloading,212347997,100211,1,1,113300,37
4836.621066907,downloading,212839517,88951,1,1,113796,37
4842.099081952,downloading,213281885,85129,1,1,113796,37
4847.304367882,downloading,213576797,67366,1,1,114084,37
4852.485759995,downloading,213838941,54297,1,1,113132,37
4857.659686780,downloading,214232157,71819,1,1,113528,37
4862.780537433,downloading,214576221,64113,1,1,113864,37
4867.929847640,downloading,214903901,72035,1,1,114144,37
4873.080202773,downloading,215182429,50364,1,1,114420,37
4878.259434938,downloading,215510109,53455,1,1,114756,37
4883.469197331,downloading,215919709,77214,1,1,115140,37
4888.587874106,downloading,216345693,76266,1,1,115564,37
4893.787619059,downloading,216738909,71725,1,1,115948,37
4899.056522859,downloading,217148509,75286,1,1,116348,37
4904.229639380,downloading,217279581,46728,1,1,116476,37
4909.396924367,downloading,217427037,33383,1,1,116620,37
4914.573491964,downloading,217672797,45311,1,1,116876,37
4919.818414655,downloading,218213469,85334,1,1,117424,37
4924.948837835,downloading,219016285,131445,1,1,118208,37
4930.169750444,downloading,219720797,132541,1,1,118900,38
4935.300015287,downloading,220114013,115978,1,1,119536,38
4940.484169617,downloading,220589149,98137,1,1,119808,38
4945.671095197,downloading,221146205,105519,1,1,120352,38
4950.774137581,downloading,221523037,90703,1,1,120724,38
4955.973318614,downloading,221916253,76662,1,1,121140,38
4961.784455277,downloading,222243933,65549,1,1,121428,38
4966.992355019,downloading,222391389,38829,1,1,121576,38
4972.117489224,downloading,222456925,19633,1,1,121640,38
4977.271683097,downloading,222456925,6432,1,1,121640,38
4982.384441496,downloading,222522461,11974,1,1,121704,38
4987.533339340,downloading,222587997,10507,1,1,121768,38
4992.718241167,downloading,222669917,13750,1,1,121848,38
4997.874560185,downloading,222817373,26571,1,1,121992,38
5002.978891785,downloading,223112285,40658,1,1,122280,38
5008.148168054,downloading,223521885,72980,1,1,116052,38
5013.301563273,downloading,224046173,88819,1,1,116564,38
5018.580264929,downloading,224537693,95651,1,1,117076,38
5023.756305692,downloading,224980061,91267,1,1,117408,38
5028.895594604,downloading,225209437,56930,1,1,117632,38
5034.024557493,downloading,225700957,81122,1,1,118100,38
5039.181972994,downloading,226110557,81383,1,1,118488,38
5044.290828616,downloading,226569309,86331,1,1,118944,38
5049.409470799,downloading,226896989,72261,1,1,119268,39
5054.564953656,downloading,227257437,67509,1,1,119636,39
5059.784405952,downloading,227519581,57932,1,1,119892,39
5064.935138735,downloading,227880029,69711,1,1,120244,39
5070.102769995,downloading,228289629,76473,1,1,120644,39
5075.227600431,downloading,228699229,74473,1,1,121056,39
5080.519693125,downloading,229026909,69633,1,1,121392,39
5085.906033053,downloading,229403741,64551,1,1,121744,39
5091.304136324,downloading,229764189,71636,1,1,122100,39
5096.546375477,downloading,230190173,78382,1,1,122532,39
5101.741036222,downloading,230583389,76271,1,1,122900,39
5106.868575073,downloading,230943837,72425,1,1,123268,39
5112.099373472,downloading,231189597,49766,1,1,123444,39
5117.345162740,downloading,231468125,52672,1,1,123716,39
5122.524848179,downloading,231664733,45324,1,1,123908,39
5127.678525753,downloading,231926877,53180,1,1,124176,39
5132.858262890,downloading,232205405,53086,1,1,124448,39
5138.040727371,downloading,232533085,59681,1,1,124768,39
5143.252659374,downloading,232877149,62605,1,1,125140,39
5148.672752450,downloading,233270365,73339,1,1,125512,40
5153.925553243,downloading,233843805,103068,1,1,126104,40
5159.232582244,downloading,234630237,148682,1,1,126856,40
5164.416354086,downloading,235269213,122443,1,1,127560,40
5169.724758311,downloading,235547741,74705,1,1,127832,40
5174.884222402,downloading,235596893,26055,1,1,127880,40
5180.280949276,downloading,235646045,15997,1,1,127928,40
5185.428253357,downloading,235678813,10352,1,1,127960,40
5190.779941493,downloading,235875421,25896,1,1,128152,40
5195.967221728,downloading,235990109,22192,1,1,128284,40
5201.362874762,downloading,236121181,23317,1,1,128396,40
5206.637822628,downloading,236170333,12697,1,1,128444,40
5211.744092321,downloading,236252253,13777,1,1,128524,40
5217.058887945,downloading,236317789,16924,1,1,128588,40
5222.252105644,downloading,236481629,24323,1,1,128748,40
5227.437377059,downloading,236498013,11846,1,1,128764,40
5232.574857423,downloading,236579933,10456,1,1,128776,40
5237.675527430,downloading,236678237,16061,1,1,128872,40
5242.840102129,downloading,236776541,19039,1,1,128968,40
5247.957485413,downloading,236940381,28376,1,1,129128,40
5253.130610659,downloading,237104221,27508,1,1,129324,40
5258.344355866,downloading,237218909,29080,1,1,129420,41
5263.561522925,downloading,237349981,24613,1,1,129548,41
5268.806582714,downloading,237546589,36868,1,1,129760,41
5273.999444586,downloading,237874269,57638,1,1,130108,41
5279.138763032,downloading,238496861,90836,1,1,130748,41
5284.255206038,downloading,239037533,118083,1,1,131276,41
5289.466870649,downloading,240036957,157675,1,1,132264,41
5294.771792713,downloading,240888925,169165,1,1,132480,41
5300.032645760,downloading,241527901,142251,1,1,133120,41
5305.181013335,downloading,242478173,172807,1,1,133708,41
5310.370016888,downloading,243379293,158046,1,1,134460,41
5315.780069290,downloading,244132957,154771,1,1,134316,41
5321.444254640,downloading,244198493,57076,1,1,132336,41
5326.597763519,downloading,244575325,61898,1,1,130400,41
5331.743902092,downloading,244903005,55812,1,1,130720,41
5336.875682721,downloading,245034077,37366,1,1,129012,41
5342.104926616,downloading,245148765,26774,1,1,129124,41
5347.557738007,downloading,245361757,37806,1,1,126188,41
5352.663935721,downloading,245591133,27033,1,1,125316,41
5357.851058638,downloading,245886045,49268,1,1,125604,41
5363.082538213,downloading,246066269,42662,1,1,125780,41
5368.390139998,downloading,246246493,33779,1,1,125956,41
5373.564406213,downloading,246541405,51219,1,1,126240,41
5378.744399338,downloading,246770781,43736,1,1,126464,41
5384.089121096,downloading,247032925,38997,1,1,126720,41
5389.334619186,downloading,247311453,56700,1,1,126868,41
5394.785645225,downloading,247802973,87429,1,1,127336,41
5400.037996169,downloading,248310877,82235,1,1,127832,41
5405.286409705,downloading,248917085,106572,1,1,128436,42
5410.465145532,downloading,249654365,150335,1,1,129180,42
5415.675132933,downloading,250260573,117834,1,1,127580,42
5421.072646734,downloading,250555485,77920,1,1,127852,42
5426.332148364,downloading,250932317,71543,1,1,126412,42
5431.637645915,downloading,251391069,83400,1,1,126828,42
5436.928832913,downloading,251833437,54321,1,1,127264,42
5442.163546496,downloading,252128349,79230,1,1,127552,42
5447.302257106,downloading,252275805,38002,1,1,127696,42
5452.456954658,downloading,252537949,52896,1,1,127952,42
5457.702723376,downloading,253078621,84385,1,1,128488,42
5462.927665512,downloading,253455453,76909,1,1,128888,42
5468.143293971,downloading,253733981,61811,1,1,129088,42
5473.292818402,downloading,254127197,62396,1,1,129492,42
5478.584966269,downloading,254471261,68560,1,1,129812,42
5483.784203546,downloading,254930013,80066,1,1,130324,42
5488.972667114,downloading,255781981,145288,1,1,131156,43
5494.235244884,downloading,256945245,194916,1,1,132328,43
5499.822275648,downloading,258239581,245843,1,1,133612,43
5504.985214780,downloading,259206237,220460,1,1,134560,43
5510.192426384,downloading,260025437,155761,1,1,135360,43
5515.370835028,downloading,260271197,90522,1,1,135616,43
5520.602539112,downloading,261319773,172409,1,1,136644,43
5525.872271892,downloading,262433885,187849,1,1,137732,43
5531.156192580,downloading,262777949,114000,1,1,138068,43
5536.276443250,downloading,263941213,171110,1,1,139204,43
5541.406542001,downloading,264416349,134491,1,1,139692,43
5546.562582940,downloading,264662109,65664,1,1,139932,43
5551.780957010,downloading,265006173,68469,1,1,140268,43
5557.156957314,downloading,265383005,71948,1,1,140636,43
5562.281546156,downloading,265563229,45933,1,1,140828,43
5567.541907002,downloading,265907293,55425,1,1,141148,43
5572.659526242,downloading,266169437,52911,1,1,141404,44
5577.852767946,downloading,266529885,66810,1,1,141768,44
5583.052766332,downloading,266939485,77682,1,1,142168,44
5588.166451478,downloading,267480157,94647,1,1,142688,44
5593.312772017,downloading,268053597,105045,1,1,143248,44
5598.571764649,downloading,268676189,117234,1,1,143872,44
5603.739565313,downloading,269413469,133039,1,1,144576,44
5608.880081026,downloading,270052445,120080,1,1,145224,44
5613.997171749,downloading,270560349,118574,1,1,145748,44
5619.162308936,downloading,270576733,32770,1,1,145764,44
5624.391414041,downloading,270756957,30943,1,1,145940,44
5629.639331479,downloading,270789725,15395,1,1,145972,44
5634.926449800,downloading,270969949,26144,1,1,146148,44
5640.080960541,downloading,271019101,12925,1,1,146196,44
5645.348759323,downloading,271051869,9045,1,1,146228,44
5650.627601212,downloading,271084637,6624,1,1,146260,44
5655.785087630,downloading,271133789,5135,1,1,146308,44
5660.999474257,downloading,271133789,3399,1,1,146324,44
5666.188878664,downloading,271166557,5867,1,1,146340,44
5671.405845623,downloading,271199325,5148,1,1,146372,45
5676.599175291,downloading,271232093,5650,1,1,146404,45
5682.156557338,downloading,271264861,5775,1,1,146436,45
5687.556350948,downloading,271297629,4894,1,1,141792,45
5692.762087697,downloading,271330397,8030,1,1,138240,45
5698.240827375,downloading,271363165,6499,1,1,138080,45
5703.442151711,downloading,271379549,5926,1,1,138096,45
5708.593940255,downloading,271412317,4332,1,1,133560,45
5713.694538084,downloading,271445085,5716,1,1,132328,45
5718.873124175,downloading,271477853,6061,1,1,132360,45
5724.039551638,downloading,271477853,1984,1,1,130448,45
5729.232531328,downloading,271477853,649,1,1,125224,45
5734.444148808,downloading,271527005,8264,1,1,125272,45
5739.701847067,downloading,271592541,12751,1,1,125344,45
5744.991761275,downloading,271674461,13539,1,1,125424,45
5750.164234938,downloading,271739997,15072,1,1,125488,45
5755.314333333,downloading,271805533,12225,1,1,125552,45
5760.507820948,downloading,271838301,10064,1,1,125600,45
5765.691025555,downloading,271936605,10503,1,1,124876,45
5770.866819035,downloading,271985757,11491,1,1,124940,45
5776.041062456,downloading,272067677,11137,1,1,125004,45
5781.201684173,downloading,272084061,6972,1,1,125016,45
5786.408195942,downloading,272165981,12924,1,1,125096,45
5791.865086977,downloading,272215133,9408,1,1,125144,45
5797.058835587,downloading,272264285,8205,1,1,125208,45
5802.410333888,downloading,272346205,15385,1,1,125272,45
5807.598181417,downloading,272460893,21647,1,1,125384,45
5812.699732302,downloading,272559197,19169,1,1,125480,45
5817.847327583,downloading,272690269,24533,1,1,125616,46
5823.036907375,downloading,272903261,35972,1,1,125824,46
5828.234048131,downloading,273116253,38982,1,1,126032,46
5833.323173225,downloading,273427549,54779,1,1,126352,46
5838.494092924,downloading,273853533,79745,1,1,126768,46
5843.660794270,downloading,273984605,44932,1,1,126912,46
5848.807350925,downloading,274312285,57529,1,1,127216,46
5854.005799473,downloading,274721885,82036,1,1,127920,46
5859.279124470,downloading,275410013,104687,1,1,128376,46
5864.496853407,downloading,276311133,162564,1,1,129260,46
5869.628191989,downloading,277277789,191962,1,1,130224,46
5874.892528381,downloading,277916765,165351,1,1,130848,46
5880.057194818,downloading,279063645,193130,1,1,131968,46
5885.234256239,downloading,280144989,239151,1,1,133036,46
5890.352944972,downloading,281390173,210640,1,1,134252,46
5895.477921098,downloading,282684509,258909,1,1,135516,46
5900.581381314,downloading,283569245,203779,1,1,136408,46
5905.744950526,downloading,284453981,171141,1,1,137276,46
5910.869337093,downloading,284732509,86917,1,1,137548,46
5916.021740415,downloading,285305949,100740,1,1,138124,46
5921.263941171,downloading,285928541,91629,1,1,138716,46
5926.358510266,downloading,286583901,117487,1,1,139360,46
5931.491522332,downloading,287435869,156158,1,1,140200,46
5936.708494107,downloading,288271453,160562,1,1,141016,46
5941.930531453,downloading,289156189,174430,1,1,141900,46
5947.075414583,downloading,290253917,191522,1,1,142972,46
5952.564494855,downloading,290958429,136906,1,1,143704,47
5957.983419768,downloading,291826781,156585,1,1,144520,47
5963.157860508,downloading,292793437,181086,1,1,145480,47
5968.267811232,downloading,293432413,145847,1,1,146120,47
5973.482109015,downloading,294104157,133847,1,1,146760,47
5978.586350809,downloading,294792285,138163,1,1,147436,47
5983.888533049,downloading,295169117,90602,1,1,147804,47
5989.065456033,downloading,295201885,43022,1,1,147836,47
5994.160883042,downloading,295562333,52588,1,1,148188,47
5999.357011741,downloading,295758941,44035,1,1,148384,47
6004.564735648,downloading,295857245,24104,1,1,148480,47
6009.697770168,downloading,296004701,26969,1,1,148624,47
6015.000722000,downloading,296119389,22971,1,1,148736,47
6020.199634968,downloading,296201309,17464,1,1,148816,47
6025.307635141,downloading,296283229,17751,1,1,148344,47
6030.504024352,downloading,296397917,21829,1,1,143864,47
6035.744717515,downloading,296528989,25694,1,1,143976,47
6040.985156454,downloading,296627293,17628,1,1,144072,47
6046.597640076,downloading,296709213,15440,1,1,144152,47
6051.914371470,downloading,296807517,15820,1,1,144260,47
6057.191741589,downloading,296922205,18637,1,1,144372,47
6062.427282580,downloading,296987741,15471,1,1,143424,47
6067.598126203,downloading,297069661,12974,1,1,143468,47
6072.815401858,downloading,297151581,14671,1,1,143532,47
6078.061515004,downloading,297217117,16262,1,1,142304,47
6083.364654879,downloading,297299037,13941,1,1,136512,47
6088.676288865,downloading,297397341,17945,1,1,136608,47
6093.835560485,downloading,297462877,14476,1,1,136672,47
6099.168279523,downloading,297577565,14835,1,1,136784,48
6105.390210723,downloading,297659485,15100,1,1,136864,48
6110.643160650,downloading,297708637,8808,1,1,136912,48
6115.960686622,downloading,297790557,13502,1,1,133216,48
6121.251744625,downloading,297872477,16949,1,1,133280,48
6126.575685513,downloading,297938013,12472,1,1,133088,48
6131.935147734,downloading,298019933,15525,1,1,126436,48
6137.518035849,downloading,298118237,13667,1,1,126448,48
6142.655322693,downloading,298200157,11441,1,1,126528,48
6147.883089760,downloading,298265693,18129,1,1,121868,48
6153.199635844,downloading,298347613,14831,1,1,114512,48
6158.438214817,downloading,298429533,14046,1,1,113312,48
6163.703016981,downloading,298478685,12119,1,1,113360,48
6168.896753292,downloading,298560605,12214,1,1,113440,48
6174.052556783,downloading,298642525,12305,1,1,113520,48
6179.267917968,downloading,298708061,16565,1,1,113584,48
6184.381191124,downloading,298773597,14248,1,1,113648,48
6189.605538583,downloading,298871901,13557,1,1,113764,48
6194.907419940,downloading,298986589,19776,1,1,113876,48
6200.034871629,downloading,299101277,21569,1,1,113988,48
6205.252330920,downloading,299281501,34946,1,1,114164,48
6210.376885060,downloading,299396189,20516,1,1,114292,48
6215.511889661,downloading,299510877,29995,1,1,114404,48
6220.747305333,downloading,299691101,25044,1,1,114580,48
6225.953896853,downloading,299805789,29114,1,1,114692,48
6231.100938348,downloading,299920477,26736,1,1,114808,48
6236.293751377,downloading,300018781,22440,1,1,114904,48
6241.491839170,downloading,300182621,27619,1,1,115064,48
6246.612777956,downloading,300362845,36590,1,1,115240,48
6251.879816132,downloading,300559453,33583,1,1,115432,48
6257.039307395,downloading,300788829,36900,1,1,115656,48
6262.368728588,downloading,300936285,29522,1,1,115800,48
6267.670667102,downloading,301067357,27051,1,1,115960,48
6273.087077192,downloading,301198429,21390,1,1,116056,48
6278.477027997,downloading,301313117,21132,1,1,116168,49
6284.023307900,downloading,301460573,24679,1,1,116312,49
6289.302539607,downloading,301591645,21656,1,1,116440,49
6294.676771264,downloading,301739101,26482,1,1,116600,49
6299.787105977,downloading,301919325,30220,1,1,101312,49
6304.965327368,downloading,302165085,38244,1,1,101564,49
6310.182889864,downloading,302459997,54470,1,1,101840,49
6315.361359039,downloading,302672989,47607,1,1,102032,49
6320.482559661,downloading,302935133,49895,1,1,100804,49
6325.678242447,downloading,303098973,38592,1,1,100964,49
6330.824306868,downloading,303377501,47356,1,1,101236,49
6335.980463131,downloading,303410269,22320,1,1,101268,49
6341.479449113,downloading,303623261,24852,1,1,101476,49
6346.925585289,downloading,303623261,10700,1,1,100340,49
6352.127871183,downloading,303656029,7954,1,1,99352,49
6357.271379249,downloading,303688797,6764,1,1,99384,49
6362.490639737,downloading,303721565,7722,1,1,99416,49
6367.639087493,downloading,303770717,11135,1,1,99464,49
6372.788632172,downloading,303803485,5627,1,1,99496,49
6378.209126074,downloading,303869021,9958,1,1,99560,49
6383.387523940,downloading,303950941,11817,1,1,99640,49
6388.571226499,downloading,304016477,15465,1,1,99704,49
6393.766875294,downloading,304082013,14502,1,1,99768,49
6398.982997658,downloading,304147549,11537,1,1,99844,49
6404.200684151,downloading,304196701,10263,1,1,99884,49
6409.504825367,downloading,304278621,13746,1,1,99964,49
6414.679851389,downloading,304360541,15801,1,1,100044,49
6419.855479609,downloading,304426077,14466,1,1,100108,49
6424.985211248,downloading,304491613,13545,1,1,100172,49
6430.219664619,downloading,304557149,12372,1,1,100160,49
6435.477921260,downloading,304622685,10503,1,1,100224,49
6440.654019760,downloading,304688221,10817,1,1,100288,49
6445.813521497,downloading,304753757,10944,1,1,100368,50
6450.936484307,downloading,304819293,11281,1,1,100416,50
6456.063725419,downloading,304983133,23869,1,1,100592,50
6461.295211034,downloading,305310813,50327,1,1,100904,50
6466.493785822,downloading,305753181,67451,1,1,101336,50
6471.683967953,downloading,306179165,73096,1,1,101828,50
6476.790011094,downloading,306687069,93041,1,1,102348,50
6482.018828365,downloading,307096669,90638,1,1,102748,50
6487.181087972,downloading,307457117,82427,1,1,103124,50
6492.324457639,downloading,307817565,72188,1,1,103476,50
6497.436190851,downloading,307915869,34574,1,1,103572,50
6502.643411750,downloading,308227165,42338,1,1,103876,50
6507.828613508,downloading,308603997,72479,1,1,104244,50
6513.041104225,downloading,309062749,93013,1,1,104692,50
6518.307537670,downloading,309636189,107745,1,1,105272,50
6523.679927979,downloading,310078557,107869,1,1,105704,50
6528.981458026,downloading,310422621,85836,1,1,106064,50
6534.257589326,downloading,310684765,55817,1,1,106320,50
6539.543205622,downloading,311127133,46946,1,1,106752,50
6544.762246508,downloading,311553117,71362,1,1,107172,50
6549.900363263,downloading,312011869,94554,1,1,107620,50
6555.302425013,downloading,312814685,134963,1,1,108408,50
6560.465535895,downloading,313273437,113359,1,1,108856,50
6565.681749927,downloading,313879645,119937,1,1,109456,50
6570.825892940,downloading,314502237,122161,1,1,110064,50
6576.113084842,downloading,315305053,143678,1,1,110960,50
6581.496288801,downloading,316124253,137673,1,1,111664,50
6586.715589258,downloading,317008989,161740,1,1,112540,50
6591.891521377,downloading,317058141,59992,1,1,112588,50
6597.058555374,downloading,317074525,22808,1,1,112604,50
6602.230114788,downloading,317123677,15796,1,1,112652,51
6607.343105138,downloading,317123677,5174,1,1,112652,51
6612.534886509,downloading,317140061,3865,1,1,112644,51
6617.725771260,downloading,317271133,16512,1,1,112772,51
6622.892481760,downloading,317402205,21302,1,1,112900,51
6628.082774297,downloading,317516893,21978,1,1,113028,51
6633.293161461,downloading,317631581,22006,1,1,113124,51
6638.526589656,downloading,317746269,22484,1,1,113240,51
6643.727442461,downloading,317860957,21636,1,1,113352,51
6648.968700515,downloading,317942877,17340,1,1,113432,51
6654.196730808,downloading,318008413,14639,1,1,113496,51
6659.371470408,downloading,318057565,11380,1,1,113544,51
6664.684721703,downloading,318090333,6337,1,1,113576,51
6669.853601756,downloading,318139485,9842,1,1,113588,51
6675.018334383,downloading,318286941,23125,1,1,113732,51
6680.170467718,downloading,318467165,31197,1,1,113908,51
6685.369234886,downloading,318811229,52434,1,1,114344,51
6690.802104311,downloading,319859805,148893,1,1,115376,51
6696.006590005,downloading,320531549,141255,1,1,116024,51
6701.278023840,downloading,320531549,37028,1,1,116024,51
6706.478641310,downloading,320531549,12132,1,1,116024,51
6711.602481622,downloading,320531549,3974,1,1,116024,51
6716.776208695,downloading,320531549,1301,1,1,116024,51
6722.111700915,downloading,320531549,425,1,1,116024,51
6727.390277643,downloading,321006685,51361,1,1,116500,52
6732.549135971,downloading,321711197,100803,1,1,117204,52
6737.847836190,downloading,322825309,196241,1,1,118276,52
6743.058265207,downloading,324086877,234198,1,1,119536,52
6748.338526035,downloading,325397597,247526,1,1,120816,52
6753.478596737,downloading,326544477,234079,1,1,121956,52
6758.676548406,downloading,327773277,179614,1,1,123176,52
6763.889374760,downloading,329395293,292410,1,1,124796,52
6769.160623707,downloading,331279453,327219,1,1,126588,52
6774.336916418,downloading,333196381,365795,1,1,128472,53
6779.485839661,downloading,335244381,392072,1,1,130492,53
6784.641419585,downloading,337275997,394757,1,1,132468,53
6789.762310429,downloading,338865245,346201,1,1,134024,53
6795.051915873,downloading,340438109,319404,1,1,135564,53
6800.177697684,downloading,342469725,353986,1,1,137728,53
6805.349052558,downloading,344403037,362495,1,1,139620,53
6810.619949765,downloading,345910365,314398,1,1,141092,53
6815.802613436,downloading,347450461,306185,1,1,142616,54
6820.970539849,downloading,348859485,275287,1,1,143996,54
6826.281076611,downloading,350415965,290486,1,1,145504,54
6831.600792086,downloading,351906909,297833,1,1,146996,54
6836.850155124,downloading,353610845,322514,1,1,148664,54
6841.998396589,downloading,355429469,345119,1,1,150472,55
6847.205084994,downloading,356461661,237020,1,1,151448,55
6852.400854231,downloading,357527591,214859,1,1,152596,55
6857.553968545,downloading,358658087,219033,1,1,153692,55
6862.734511157,downloading,359198759,153900,1,1,154204,55
6867.848886485,downloading,359313447,62017,1,1,154316,55
6873.019254131,downloading,359395367,28508,1,1,154396,55
6878.835292617,downloading,359411751,11988,1,1,154412,55
6884.443270437,downloading,359510055,15412,1,1,154508,55
6889.677684617,downloading,359608359,18128,1,1,154604,55
6894.926328300,downloading,359673895,11033,1,1,154668,55
6900.048245723,downloading,359706663,9029,1,1,154700,55
6905.190462381,downloading,359739431,7742,1,1,154732,55
6910.430726948,downloading,359755815,4541,1,1,154688,55
6915.570103152,downloading,359804967,7693,1,1,154736,55
6920.776844858,downloading,359854119,9371,1,1,154784,55
6925.891938729,downloading,359903271,9467,1,1,154832,55
6931.275190691,downloading,359952423,8586,1,1,154880,55
6936.526494966,downloading,360017959,9329,1,1,154944,55
6941.713217619,downloading,360067111,8514,1,1,154992,55
6947.088193768,downloading,360083495,7642,1,1,155008,55
6952.349423164,downloading,360116263,4609,1,1,155040,56
6957.791800769,downloading,360181799,8243,1,1,155104,56
6963.360402408,downloading,360247335,10994,1,1,155168,56
6969.023551774,downloading,360312871,13088,1,1,155224,56
6974.199547669,downloading,360378407,14147,1,1,155288,56
6979.356879624,downloading,360443943,13192,1,1,155352,56
6984.567392509,downloading,360525863,13697,1,1,155432,56
6989.757602901,downloading,360591399,13366,1,1,155496,56
6994.895274875,downloading,360656935,10896,1,1,155560,56
7000.139828790,downloading,360722471,13899,1,1,141040,56
7005.480527942,downloading,360788007,13644,1,1,141104,56
7010.763107549,downloading,360869927,13799,1,1,141184,56
7016.053638938,downloading,360902695,9193,1,1,141216,56
7021.277744281,downloading,360935463,6272,1,1,141248,56
7026.451799710,downloading,361000999,11545,1,1,141328,56
7031.667134916,downloading,361082919,12771,1,1,141392,56
7037.109799464,downloading,361230375,23738,1,1,141536,56
7042.356859458,downloading,361426983,36936,1,1,141744,56
7047.548757407,downloading,361623591,36701,1,1,141936,56
7052.697315159,downloading,361820199,37057,1,1,142204,56
7057.995919293,downloading,362082343,44367,1,1,142444,56
7063.189479990,downloading,362442791,62726,1,1,142796,56
7068.474311342,downloading,362836007,80072,1,1,143192,56
7073.662100282,downloading,363491367,117369,1,1,143848,56
7078.812142803,downloading,363900967,88617,1,1,144248,57
7083.966123935,downloading,363900967,29036,1,1,144248,57
7089.144107377,downloading,363900967,9513,1,1,144248,57
7094.253320028,downloading,363900967,3116,1,1,144248,57
7099.359384811,downloading,363900967,816,1,1,144248,57
7104.542259921,downloading,363900967,265,1,1,144248,57
7109.678475069,downloading,363900967,86,1,1,144248,57
7114.847383063,downloading,363900967,212,1,1,144248,57
7120.135970440,downloading,363917351,2235,1,1,144264,57
7125.253918776,downloading,363933735,4513,1,1,144280,57
7130.402551621,downloading,363982887,6093,1,1,144328,57
7135.794913884,downloading,364064807,13021,1,1,144408,57
7140.974214391,downloading,364326951,42295,0,0,145000,57
7146.177095865,downloading,364326951,14648,1,1,145428,57
7151.488783472,downloading,364326951,4799,1,1,145456,57
7156.643457700,downloading,364343335,4298,1,1,145472,57
7161.749996889,downloading,364392487,7015,1,1,145520,57
7166.940020651,downloading,364441639,9348,1,1,145568,57
7172.125304324,downloading,364490791,10369,1,1,145616,57
7177.276722520,downloading,364539943,8112,1,1,145664,57
7182.471728936,downloading,364589095,8432,1,1,145712,57
7187.720526041,downloading,364638247,9996,1,1,145760,57
7192.970633241,downloading,364687399,8824,1,1,145808,57
7198.180905291,downloading,364736551,11200,1,1,145856,57
7203.302383451,downloading,364818471,12064,1,1,145936,57
7208.507648420,downloading,364867623,12759,1,1,145984,57
7213.714559191,downloading,364900391,7583,1,1,146016,57
7218.899652998,downloading,364933159,7206,1,1,146064,57
7224.082566836,downloading,364965927,7008,1,1,146096,57
7229.477794389,downloading,365015079,8597,1,1,146144,57
7234.702768103,downloading,365064231,8753,1,1,146192,57
7239.904176235,downloading,365129767,9827,1,1,146256,57
7245.008753964,downloading,365178919,10854,1,1,146304,57
7250.167891894,downloading,365244455,11979,1,1,146368,57
7255.264073613,downloading,365293607,11026,1,1,146416,57
7260.455080587,downloading,365359143,13208,1,1,146480,57
7265.876794007,downloading,365408295,10780,1,1,146528,57
7270.983797436,downloading,365473831,10158,1,1,146592,57
7276.179773585,downloading,365539367,12869,1,1,146656,58
7281.297083509,downloading,365604903,13697,1,1,146720,58
7286.494195421,downloading,365670439,14181,1,1,146784,58
7291.759320452,downloading,365719591,8595,1,1,146832,58
7297.008570060,downloading,365785127,9987,1,1,146896,58
7302.354538478,downloading,365817895,10909,1,1,146928,58
7307.803059960,downloading,365883431,10803,1,1,146992,58
7313.069696691,downloading,365916199,5021,1,1,147024,58
7318.294429231,downloading,365932583,5984,1,1,147040,58
7323.469878501,downloading,365998119,12175,1,1,147116,58
7328.599006719,downloading,366096423,14763,1,1,147212,58
7333.784314738,downloading,366260263,26935,1,1,147372,58
7338.992082471,downloading,366571559,46699,1,1,147692,58
7344.124411537,downloading,367128615,87515,1,1,148328,58
7349.263756914,downloading,368160807,163196,1,1,149328,58
7354.634510415,downloading,368521255,111078,1,1,149680,58
7360.009177709,downloading,368668711,55716,1,1,149824,58
7365.161652458,downloading,369192999,99313,1,1,150368,58
7370.329643661,downloading,369471527,62536,1,1,150624,58
7375.610844336,downloading,369487911,17875,1,1,150640,59
7380.835106808,downloading,369537063,13057,1,1,150688,59
7385.947706177,downloading,369750055,33462,1,1,150896,59
7391.135621639,downloading,370339879,78377,1,1,151488,59
7396.444248379,downloading,370585639,50069,1,1,151712,59
7401.633068275,downloading,370683943,29615,1,1,151808,59
7406.792099153,downloading,371077159,65488,1,1,152208,59
7411.908290769,downloading,371781671,122429,1,1,152904,59
7417.030800459,downloading,372731943,166639,1,1,153852,59
7422.207194802,downloading,373911591,203542,1,1,155020,59
7427.612839044,downloading,375533607,273560,1,1,156620,60
7432.821805946,downloading,377810983,404319,1,1,158372,60
7438.001412557,downloading,379301927,331517,1,1,141488,60
7443.292327444,downloading,381448231,377347,1,1,143900,60
7448.464516868,downloading,383135783,339196,1,1,145508,60
7453.670092996,downloading,384282663,277439,1,1,146632,60
7458.885959223,downloading,384708647,156952,1,1,147048,60
7464.008282588,downloading,384790567,61067,1,1,147240,60
7469.174775871,downloading,385232935,70573,1,1,147560,60
7474.335678721,downloading,385478695,56314,1,1,147800,61
7479.571215247,downloading,385691687,50749,1,1,148008,61
7484.888479895,downloading,385855527,38764,1,1,148280,61
7490.301742139,downloading,386084903,40466,1,1,148520,61
7495.781957852,downloading,386510887,67038,1,1,148952,61
7501.106002046,downloading,387297319,109525,1,1,149740,61
7506.296597991,downloading,388542503,194524,1,1,150936,61
7511.482254826,downloading,389181479,156504,1,1,151556,61
7516.676118880,downloading,389214247,54105,1,1,151588,61
7521.799703097,downloading,389361703,34202,1,1,151904,61
7527.156647120,downloading,389738535,51313,1,1,152128,61
7532.319373351,downloading,389967911,49531,1,1,152352,61
7537.851877466,downloading,390131751,38400,1,1,152512,61
7543.357830647,downloading,390246439,28656,1,1,152624,61
7548.640471546,downloading,390410279,34172,1,1,152784,62
7553.767259624,downloading,390606887,28993,1,1,152976,62
7559.160256714,downloading,390770727,33664,1,1,153136,62
7564.557513526,downloading,390869031,25311,1,1,153232,62
7569.965953458,downloading,390869031,8576,1,1,153232,62
7575.169511161,downloading,390918183,10783,1,1,153280,62
7580.552943004,downloading,391000103,17349,1,1,153376,62
7585.793600551,downloading,391065639,9517,1,1,153424,62
7591.552895275,downloading,391098407,10211,1,1,151920,62
7596.675712396,downloading,391098407,2675,1,1,149360,62
7601.941496149,downloading,391098407,876,1,1,149360,62
7607.208585712,downloading,391114791,2326,1,1,149376,62
7612.514503247,downloading,391196711,11140,1,1,146896,62
7617.699257971,downloading,391262247,13357,1,1,146960,62
7622.840264335,downloading,391360551,12816,1,1,147056,62
7627.983412828,downloading,391442471,15221,1,1,146388,62
7633.199505807,downloading,391606311,27631,1,1,146532,62
7638.370516203,downloading,391819303,37819,1,1,142784,62
7643.638852146,downloading,392081447,45315,1,1,143008,62
7648.842314285,downloading,392343591,55873,1,1,138044,62
7654.091681130,downloading,392769575,66198,1,1,138460,62
7659.343936230,downloading,393211943,70669,1,1,138892,62
7664.551304891,downloading,393326631,35665,1,1,139012,62
7669.842802147,downloading,393326631,11686,1,1,139012,62
7675.040084065,downloading,393326631,3828,1,1,139012,62
7680.273284536,downloading,393457703,15695,1,1,139156,62
7685.491037129,downloading,393523239,10286,1,1,139192,62
7690.630411120,downloading,393588775,13257,1,1,138628,62
7695.811317170,downloading,393670695,17519,1,1,138724,62
7700.998424093,downloading,393785383,20538,1,1,138836,62
7706.268744630,downloading,393916455,21897,1,1,138948,62
7711.486459305,downloading,393981991,13511,1,1,139012,62
7716.705956750,downloading,394047527,12516,1,1,139028,62
7722.052817384,downloading,394113063,9473,1,1,138892,62
7727.257348486,downloading,394194983,16279,1,1,138972,63
7732.445848651,downloading,394293287,20397,1,1,138732,63
7737.645208523,downloading,394391591,13707,1,1,138828,63
7742.829375922,downloading,394424359,12875,1,1,138860,63
7748.090691297,downloading,394522663,15236,1,1,138912,63
7753.295584204,downloading,394588199,13653,1,1,138976,63
7758.504564185,downloading,394670119,14687,1,1,139056,63
7763.808062661,downloading,394735655,11112,1,1,139112,63
7768.992964799,downloading,394801191,13817,1,1,139176,63
7774.364725248,downloading,394866727,13989,1,1,139240,63
7779.564266355,downloading,394932263,12674,1,1,139304,63
7784.936385114,downloading,394981415,8824,1,1,139352,63
7790.166383647,downloading,395046951,10975,1,1,139416,63
7795.368458003,downloading,395128871,14700,1,1,139496,63
7800.580817752,downloading,395210791,16594,1,1,139576,63
7806.262767515,downloading,395358247,22141,1,1,139744,64
7811.464396990,downloading,395587623,37885,1,1,139968,64
7816.700469483,downloading,395882535,54169,1,1,140288,64
7822.175627078,downloading,396226599,50160,1,1,140620,64
7827.415451249,downloading,396603431,67354,1,1,140992,64
7832.690565816,downloading,397029415,83687,1,1,141444,64
7837.850247095,downloading,397176871,44144,1,1,141588,64
7843.145043486,downloading,397340711,39053,1,1,141748,64
7848.427500059,downloading,397619239,54710,1,1,142040,64
7853.700644001,downloading,398045223,46857,1,1,142440,64
7859.715790716,downloading,398733351,112360,1,1,143116,64
7864.898418022,downloading,399421479,97048,1,1,143788,65
7870.073420638,downloading,400060455,106795,1,1,144428,65
7875.730603226,downloading,400470055,115944,1,1,144828,65
7880.847768352,downloading,401027111,115600,1,1,145388,65
7885.968226845,downloading,401453095,89111,1,1,145804,65
7891.139860910,downloading,401911847,91536,1,1,146264,65
7896.436728095,downloading,402190375,72265,1,1,146536,65
7901.712816061,downloading,402354215,50925,1,1,146696,65
7906.852105504,downloading,402436135,25407,1,1,146792,65
7912.047407756,downloading,402550823,25460,1,1,146904,65
7917.183602973,downloading,402714663,29024,1,1,147072,65
7922.390706304,downloading,402911271,35460,1,1,147264,65
7927.669913553,downloading,403075111,32039,1,1,147424,65
7932.948623423,downloading,403288103,37114,1,1,147632,65
7938.088892134,downloading,403484711,37486,1,1,147840,65
7943.333113467,downloading,403796007,55830,1,1,148144,65
7948.607106852,downloading,404025383,53112,1,1,148368,65
7953.848287259,downloading,404189223,35468,1,1,148528,65
7959.048768743,downloading,404303911,26068,1,1,148640,65
7964.274636736,downloading,404336679,14265,1,1,148672,65
7969.397220133,downloading,404434983,19260,1,1,148768,66
7974.584651044,downloading,404516903,14076,1,1,148848,66
7979.717199391,downloading,404582439,13472,1,1,148912,66
7984.871538593,downloading,404664359,14371,1,1,148992,66
7990.099510639,downloading,404746279,17321,1,1,149020,66
7995.293355493,downloading,404811815,9596,1,1,149096,66
8000.513229636,downloading,404844583,11749,1,1,149128,66
8005.658574322,downloading,404942887,15705,1,1,149224,66
8010.877740968,downloading,405008423,17522,1,1,149288,66
8016.412897193,downloading,405123111,18456,1,1,149400,66
8021.963109928,downloading,405188647,15678,1,1,149464,66
8027.106585684,downloading,405254183,15247,1,1,149528,66
8032.254662501,downloading,405319719,12887,1,1,149592,66
8037.477947898,downloading,405385255,14001,1,1,149656,66
8042.678860904,downloading,405434407,9621,1,1,149704,66
8047.951506867,downloading,405516327,16005,1,1,149776,66
8053.408381828,downloading,405581863,14433,1,1,149840,66
8058.607002285,downloading,405647399,11584,1,1,149904,66
8063.885454346,downloading,405712935,11316,1,1,149968,66
8068.994886177,downloading,405745703,8212,1,1,150000,66
8074.118581451,downloading,405844007,13615,1,1,150108,66
8079.596741635,downloading,405876775,10208,1,1,150140,66
8084.961273051,downloading,405925927,8648,1,1,150188,66
8090.254543801,downloading,405991463,11377,1,1,150252,66
8095.407426326,downloading,406089767,16831,1,1,150348,67
8100.568812667,downloading,406188071,20756,1,1,150444,67
8105.775839713,downloading,406269991,11081,1,1,150524,67
8110.942269590,downloading,406335527,16844,1,1,150588,67
8116.291044503,downloading,406417447,16787,1,1,150668,67
8121.571432013,downloading,406482983,14707,1,1,150732,67
8126.745541011,downloading,406581287,15862,1,1,150844,67
8132.092505303,downloading,406695975,13421,1,1,149640,67
8137.285965648,downloading,406745127,13115,1,1,149688,67
8142.726307744,downloading,406745127,4296,1,1,147892,67
8147.981958145,downloading,406745127,1406,1,1,145588,67
8153.116723594,downloading,406745127,460,1,1,145588,67
8158.287759418,downloading,406745127,150,1,1,143284,67
8163.416001760,downloading,406777895,5164,1,1,141012,67
8168.576967456,downloading,406794279,3368,1,1,138856,67
8173.722969153,downloading,406859815,10876,1,1,138932,67
8178.966311751,downloading,406925351,11957,1,1,138936,67
8184.152167086,downloading,406990887,11967,1,1,138656,67
8189.592732418,downloading,407072807,11620,1,1,138736,67
8194.759613785,downloading,407138343,14536,1,1,138800,67
8200.026238627,downloading,407154727,9883,1,1,138816,67
8205.265532358,downloading,407220263,10695,1,1,137552,67
8210.429233179,downloading,407302183,15318,1,1,137632,67
8215.682667348,downloading,407400487,16020,1,1,137728,67
8220.952622844,downloading,407449639,11775,1,1,133228,67
8226.202090761,downloading,407515175,12418,1,1,133292,67
8231.395805439,downloading,407597095,14134,1,1,133372,67
8236.603032227,downloading,407695399,16525,1,1,133468,67
8241.780136624,downloading,407744551,13452,1,1,133532,67
8246.937526456,downloading,407826471,15592,1,1,133596,67
8252.107345826,downloading,407859239,8584,1,1,133628,67
8257.263624523,downloading,407941159,11080,1,1,133756,67
8262.585411813,downloading,408023079,15032,1,1,133820,67
8267.729779655,downloading,408055847,9812,1,1,133852,67
8273.017566424,downloading,408137767,8042,1,1,133932,67
8278.645377003,downloading,408170535,7540,1,1,133964,67
8283.811210030,downloading,408236071,11091,1,1,134028,67
8289.025805420,downloading,408301607,15147,1,1,134092,67
8294.184837350,downloading,408334375,8264,1,1,134124,67
8299.615729372,downloading,408334375,2707,1,1,134124,67
8304.777569808,downloading,408350759,5240,1,1,134140,68
8309.910385668,downloading,408432679,12643,1,1,134220,68
8315.095438362,downloading,408547367,21798,1,1,134332,68
8320.439440687,downloading,408711207,29616,1,1,134492,68
8325.562316504,downloading,408891431,27612,1,1,134668,68
8330.714488408,downloading,409284647,56762,1,1,135084,68
8335.937738261,downloading,409530407,54051,1,1,135340,68
8341.237857731,downloading,409907239,64875,1,1,135692,68
8346.348089008,downloading,410136615,50635,1,1,135988,68
8351.521281083,downloading,410513447,69116,1,1,136356,68
8356.692864445,downloading,410873895,69936,1,1,136804,68
8362.074064571,downloading,411365415,57718,1,1,137200,68
8367.198116883,downloading,411398183,30913,1,1,137232,68
8372.420854945,downloading,411643943,38309,1,1,137472,68
8377.680799473,downloading,411791399,31610,1,1,137632,68
8382.909269329,downloading,411922471,26953,1,1,137744,68
8388.541526434,downloading,412102695,29195,1,1,137932,68
8393.708530287,downloading,412299303,41282,1,1,138124,68
8398.971516671,downloading,412479527,42087,1,1,132812,68
8404.152917057,downloading,412708903,38211,1,1,131340,68
8409.294607081,downloading,412839975,28582,1,1,128380,68
8414.556927181,downloading,412938279,21496,1,1,126680,68
8419.700227014,downloading,413036583,19696,1,1,125080,68
8424.979231267,downloading,413167655,22672,1,1,122700,68
8430.203474388,downloading,413331495,24476,1,1,122860,69
8435.355145927,downloading,413478951,33995,1,1,123004,69
8440.664626385,downloading,413593639,25424,1,1,123148,69
8446.043924923,downloading,413773863,32247,1,1,123292,69
8451.192926976,downloading,413954087,29551,1,1,123084,69
8456.482871409,downloading,414150695,43794,1,1,122948,69
8461.766211713,downloading,414363687,29532,1,1,122588,69
8467.032864697,downloading,414527527,22000,1,1,122748,69
8472.306730044,downloading,414707751,42406,1,1,122916,69
8477.424920952,downloading,414871591,34936,1,1,123060,69
8482.633144743,downloading,415035431,29720,1,1,123220,69
8487.798338927,downloading,415297575,43077,1,1,123476,69
8493.086153779,downloading,415494183,48229,1,1,123668,69
8498.497504349,downloading,415739943,46098,1,1,123908,69
8503.930339894,downloading,416149543,69375,1,1,123472,69
8509.143881575,downloading,416165927,28705,1,1,109256,69
8514.393821413,downloading,416378919,39088,1,1,109492,69
8519.581475612,downloading,416509991,31639,1,1,109620,69
8524.811003994,downloading,416755751,44277,1,1,109860,69
8530.005951371,downloading,416886823,36977,1,1,109988,69
8535.364272612,downloading,416935975,16235,1,1,110052,69
8540.912491730,downloading,417017895,16378,1,1,110116,70
8546.273017494,downloading,417034279,6972,1,1,110132,70
8551.483202944,downloading,417034279,2283,1,1,110132,70
8556.948094535,downloading,417034279,747,1,1,110132,70
8562.481503507,downloading,417034279,194,1,1,110132,70
8567.670440939,downloading,417034279,63,1,1,110132,70
8572.876584543,downloading,417083431,5930,1,1,110180,70
8578.038509415,downloading,417116199,6891,1,1,110212,70
8583.186590728,downloading,417148967,7256,1,1,110244,70
8588.392688603,downloading,417198119,10157,1,1,110264,70
8593.527655107,downloading,417247271,7622,1,1,110328,70
8598.773864599,downloading,417312807,12047,1,1,110376,70
8604.190601553,downloading,417361959,11201,1,1,110436,70
8609.351947382,downloading,417427495,11085,1,1,110500,70
8614.608104798,downloading,417460263,8639,1,1,110532,70
8619.804107998,downloading,417525799,12787,1,1,110596,70
8625.090678472,downloading,417591335,11233,1,1,110660,70
8630.276093923,downloading,417656871,12842,1,1,110724,70
8635.383552860,downloading,417722407,13597,1,1,110788,70
8640.553218336,downloading,417771559,11043,1,1,110836,70
8645.675852490,downloading,417837095,12932,1,1,110900,70
8650.968996069,downloading,417886247,12239,1,1,110904,70
8656.167727373,downloading,417951783,9977,1,1,110968,70
8661.770731948,downloading,418017319,10539,1,1,111032,70
8666.957132306,downloading,418050087,7405,1,1,111064,70
8672.210397720,downloading,418099239,6643,1,1,111112,70
8677.673153039,downloading,418132007,7913,1,1,111144,71
8683.830497919,downloading,418164775,5792,1,1,111176,71
8689.216236260,downloading,418164775,3633,1,1,111176,71
8694.392951180,downloading,418197543,5544,1,1,111208,71
8699.575646418,downloading,418213927,3844,1,1,111224,71
8705.037920041,downloading,418263079,8868,1,1,111272,71
8710.768714752,downloading,418295847,6522,1,1,111304,71
8716.147482430,downloading,418377767,7525,1,1,111384,71
8721.316107678,downloading,418410535,9723,1,1,111436,71
8726.494888373,downloading,418492455,11181,1,1,111516,71
8732.118689585,downloading,418557991,14229,1,1,111580,71
8737.427697370,downloading,418607143,12111,1,1,111628,71
8742.802886291,downloading,418639911,8737,1,1,111660,71
8747.997428848,downloading,418705447,11400,1,1,111724,71
8753.322128099,downloading,418787367,12812,1,1,111804,71
8758.631953568,downloading,418836519,13450,1,1,111852,71
8763.823285883,downloading,418934823,16436,1,1,111948,71
8769.118427946,downloading,419033127,20543,1,1,112044,71
8774.281706871,downloading,419065895,9325,1,1,112076,71
8779.440194959,downloading,419147815,13059,1,1,112156,72
8784.704260742,downloading,419213351,12888,1,1,112220,72
8790.442244785,downloading,419311655,15576,1,1,112316,72
8795.720359528,downloading,419409959,19073,1,1,112412,72
8800.869004301,downloading,419491879,16808,1,1,112496,72
8806.051549844,downloading,419541031,13317,1,1,112544,72
8811.360101010,downloading,419639335,15372,1,1,112640,72
8816.576382394,downloading,419721255,18010,1,1,112736,72
8821.885835291,downloading,419868711,21190,1,1,112864,72
8827.211326216,downloading,420081703,29557,1,1,113072,72
8832.352945974,downloading,420278311,41088,1,1,113264,72
8837.594434606,downloading,420491303,36712,1,1,113484,72
8842.886198513,downloading,420655143,37530,1,1,113644,72
8848.053474296,downloading,420786215,33564,1,1,113772,72
8853.310784691,downloading,420950055,31765,1,1,113932,72
8858.753098170,downloading,421146663,30028,1,1,114188,72
8864.029513411,downloading,421425191,29596,1,1,114444,72
8869.166100567,downloading,421589031,42882,1,1,114604,72
8874.754007151,downloading,421785639,38313,1,1,114796,72
8879.947392993,downloading,421933095,31205,1,1,114956,72
8885.230471000,downloading,422326311,60121,1,1,115340,72
8890.580286291,downloading,422850599,60309,1,1,115876,72
8896.139616608,downloading,423374887,94937,1,1,116388,72
8901.445641122,downloading,423669799,67833,1,1,116688,72
8906.772675165,downloading,424013863,62880,1,1,117024,73
8911.947887848,downloading,424783911,110953,1,1,117796,73
8917.314481566,downloading,425930791,206545,1,1,118904,73
8922.479007410,downloading,426569767,161058,1,1,119544,73
8927.677169256,downloading,426995751,108627,1,1,120128,73
8932.917488043,downloading,427946023,147066,1,1,120932,73
8938.134369882,downloading,428519463,114100,1,1,121460,73
8943.282827253,downloading,428634151,52409,1,1,121604,73
8948.728735585,downloading,429109287,64997,1,1,122008,73
8953.987144734,downloading,429568039,90800,1,1,122484,74
8959.198343623,downloading,430239783,92291,1,1,123144,74
8964.399466264,downloading,430829607,143717,1,1,123720,74
8969.616323827,downloading,430862375,43382,1,1,123752,74
8974.849488395,downloading,431190055,60905,1,1,124072,74
8980.087816820,downloading,431861799,114225,1,1,124728,74
8985.252176164,downloading,432566311,131571,1,1,125428,74
8990.422319521,downloading,433614887,185131,1,1,126600,74
8995.645645200,downloading,434761767,236828,1,1,127724,74
9000.796888192,downloading,436187175,247406,1,1,129128,74
9006.000945219,downloading,437858343,283496,1,1,130764,74
9011.252807005,downloading,439234599,321936,1,1,132472,74
9016.370317833,downloading,440741927,269875,1,1,134212,74
9021.572867214,downloading,442036263,268793,1,1,135256,74
9026.766346669,downloading,443035687,226291,1,1,136248,74
9032.011108216,downloading,444608551,281387,1,1,137916,74
9037.218714978,downloading,446787623,338656,1,1,140064,74
9042.567098439,downloading,449720359,505423,1,1,143644,74
9047.763394421,downloading,453996583,741523,1,1,147828,75
9052.959224700,downloading,454307879,268482,1,1,148144,75
9058.175208324,downloading,454307879,87975,1,1,148144,75
9063.415390666,downloading,454307879,29969,1,1,148144,75
9068.535308974,downloading,454537255,38255,1,1,148368,75
9073.783319542,downloading,455749671,193261,1,1,149564,75
9079.174757830,downloading,456405031,137516,1,1,150228,75
9084.600660207,downloading,456994855,133823,1,1,150788,75
9089.780354470,downloading,457814055,145232,1,1,151652,75
9095.099895481,downloading,458813479,194632,1,1,152644,75
9100.380895474,downloading,459943975,228689,1,1,153700,75
9105.603806227,downloading,461058087,207563,1,1,154792,75
9110.761639669,downloading,461910055,177356,1,1,155624,75
9115.898460088,downloading,462450727,149862,1,1,153336,75
9121.095827465,downloading,462893095,84728,1,1,151752,75
9126.543832939,downloading,463908903,125768,1,1,152708,75
9131.733185759,downloading,464629799,168103,1,1,153412,75
9136.844166306,downloading,464941095,73023,1,1,151280,75
9142.280760199,downloading,465088551,35067,1,1,151424,75
9147.539964789,downloading,465399847,50864,1,1,149196,75
9152.723917074,downloading,465956903,88944,1,1,149772,75
9157.974365800,downloading,466628647,115088,1,1,148380,75
9163.156358609,downloading,467628071,167777,1,1,149340,75
9168.277075281,downloading,468922407,223899,1,1,148056,76
9173.533189882,downloading,470396967,276962,1,1,149500,76
9178.771263833,downloading,472084519,282796,1,1,151176,76
9183.998568172,downloading,474165287,460073,1,1,153200,76
9189.152384114,downloading,476983335,450932,1,1,155968,76
9194.378286279,downloading,479997991,580947,1,1,156376,76
9199.587161713,downloading,482226215,485344,1,1,153140,76
9204.717441178,downloading,482914343,223422,1,1,153812,76
9209.942177253,downloading,483864615,199198,1,1,154772,76
9215.244280084,downloading,485273639,217692,1,1,156124,76
9220.559429282,downloading,485519399,143727,1,1,156364,76
9225.661733033,downloading,485945383,133254,1,1,156780,76
9230.783296832,downloading,486076455,54274,1,1,156908,76
9235.920656135,downloading,486371367,55955,1,1,157196,76
9241.194579916,downloading,486469671,31840,1,1,157292,76
9246.386198853,downloading,486682663,38747,1,1,157516,76
9251.742608781,downloading,486912039,41819,1,1,157756,76
9257.010964854,downloading,487125031,44607,1,1,157948,76
9262.304561316,downloading,487452711,47902,1,1,158284,76
9267.674659459,downloading,487862311,63021,1,1,158676,76
9272.843294310,downloading,488288295,80075,1,1,159092,76
9278.031113377,downloading,488747047,91732,1,1,159552,76
9283.229663448,downloading,488747047,30057,1,1,159552,77
9288.529025336,downloading,488878119,30054,1,1,159676,77
9293.653771715,downloading,489041959,27635,1,1,159836,77
9298.874486656,downloading,489254951,35820,1,1,160044,77
9304.201729373,downloading,489500711,41685,1,1,160284,77
9309.402558581,downloading,489779239,55244,1,1,160544,77
9314.589037786,downloading,490041383,58221,1,1,160800,77
9320.000343309,downloading,490237991,46616,1,1,160992,77
9325.230731249,downloading,490483751,48678,1,1,161232,77
9330.397211091,downloading,490795047,66157,1,1,161536,77
9335.599964111,downloading,491106343,55497,1,1,159824,77
9340.782672600,downloading,491319335,47855,1,1,160032,77
9345.933626966,downloading,491679783,73122,1,1,160432,77
9351.288479114,downloading,492089383,58917,1,1,158876,77
9356.418729746,downloading,492400679,78317,1,1,159208,77
9361.567838248,downloading,492662823,64651,1,1,159464,77
9366.704444314,downloading,492859431,43942,1,1,159664,77
9371.881138062,downloading,493252647,57711,1,1,160064,77
9377.090555623,downloading,493596711,55222,1,1,160384,77
9382.212062566,downloading,493760551,45370,1,1,160712,77
9387.423162436,downloading,494448679,76521,1,1,161224,77
9392.592321649,downloading,495202343,111299,1,1,161960,77
9397.766963131,downloading,495710247,115664,1,1,159896,77
9403.038186528,downloading,495956007,70411,1,1,160136,77
9408.203102242,downloading,496021543,33300,1,1,157644,77
9413.395139781,downloading,496218151,20292,1,1,157836,77
9418.531437983,downloading,496300071,22619,1,1,157916,77
9423.727974067,downloading,496513063,34259,1,1,153004,77
9428.842956510,downloading,496742439,39651,1,1,153228,77
9434.053576546,downloading,496922663,36125,1,1,153148,78
9439.240724339,downloading,497135655,36704,1,1,153360,78
9444.391303690,downloading,497266727,28277,1,1,150288,78
9449.556121897,downloading,497348647,27307,1,1,147808,78
9454.672653256,downloading,497479719,25148,1,1,147936,78
9459.931555341,downloading,497561639,16663,1,1,141468,78
9465.057891799,downloading,497610791,10383,1,1,134748,78
9470.341256689,downloading,497659943,7755,1,1,134796,78
9475.583831919,downloading,497659943,2032,1,1,134796,78
9481.190217775,downloading,497659943,665,1,1,134796,78
9486.324251842,downloading,497659943,575,1,1,134796,78
9491.479723041,downloading,497692711,5047,1,1,134776,78
9496.608034739,downloading,497725479,6594,1,1,134808,78
9501.893095616,downloading,497774631,8058,1,1,134856,78
9507.036967071,downloading,497840167,11576,1,1,134920,78
9512.259013159,downloading,497905703,12496,1,1,134984,78
9517.356851304,downloading,497971239,14353,1,1,135048,78
9522.532644383,downloading,498036775,12567,1,1,135112,78
9527.677403665,downloading,498118695,15011,1,1,135208,78
9533.054679484,downloading,498167847,13855,1,1,135256,78
9538.232811941,downloading,498249767,12736,1,1,135336,78
9543.355513896,downloading,498331687,15029,1,1,135416,78
9548.559166985,downloading,498397223,13577,1,1,135468,78
9553.711277284,downloading,498429991,10295,1,1,135500,78
9558.832383404,downloading,498511911,12648,1,1,135580,78
9563.964388001,downloading,498610215,15641,1,1,135676,78
9569.083420893,downloading,498692135,18597,1,1,135772,78
9574.267730096,downloading,498823207,22466,1,1,135884,78
9579.627364347,downloading,498905127,19244,1,1,135964,78
9584.985697846,downloading,498970663,14173,1,1,136028,78
9590.117284111,downloading,498970663,4650,1,1,136028,78
9595.359261970,downloading,498970663,1218,1,1,136028,78
9600.533445127,downloading,498970663,398,1,1,136028,78
9605.695297259,downloading,498970663,359,1,1,136028,78
9610.827251214,downloading,499003431,4360,1,1,136060,78
9615.970888185,downloading,499068967,10788,1,1,136124,78
9621.140580642,downloading,499118119,12240,1,1,136172,79
9626.425191412,downloading,499200039,12188,1,1,136264,79
9631.660576208,downloading,499281959,14477,1,1,136344,79
9637.014295847,downloading,499396647,19717,1,1,136456,79
9642.223619077,downloading,499494951,19216,1,1,136552,79
9647.374693696,downloading,499593255,21369,1,1,136648,79
9652.518538339,downloading,499724327,25890,1,1,136776,79
9657.863427240,downloading,499920935,32697,1,1,136968,79
9663.044425049,downloading,500150311,38760,1,1,137192,79
9668.228391043,downloading,500461607,55065,1,1,137508,79
9673.483258024,downloading,500625447,35334,1,1,137668,79
9678.794192154,downloading,500838439,34992,1,1,137940,79
9684.022615601,downloading,500936743,28496,1,1,138036,79
9689.172946076,downloading,501084199,22065,1,1,138180,79
9694.487218132,downloading,501329959,45046,1,1,138484,79
9700.176791712,downloading,501559335,38455,1,1,138660,79
9706.296337432,downloading,501870631,49206,1,1,138964,79
9711.509868278,downloading,502149159,44864,1,1,139236,79
9716.717966029,downloading,502427687,39303,1,1,139512,79
9721.943669834,downloading,502738983,50106,1,1,139816,79
9727.080665039,downloading,502968359,60288,1,1,140040,80
9732.259058439,downloading,503181351,47254,1,1,140248,80
9737.392329945,downloading,503361575,32824,1,1,140424,80
9742.792101182,downloading,503476263,27738,1,1,140536,80
9748.039437602,downloading,503558183,18794,1,1,140616,80
9753.285410548,downloading,503607335,15850,1,1,140664,80
9758.465500978,downloading,503640103,5560,1,1,140696,80
9763.819156702,downloading,503656487,7339,1,1,140712,80
9768.976622218,downloading,503705639,9056,1,1,140760,80
9774.192555587,downloading,503738407,6672,1,1,140792,80
9779.379134704,downloading,503820327,15498,1,1,140872,80
9784.488823153,downloading,503869479,12468,1,1,140920,80
9789.690143222,downloading,503902247,7118,1,1,140900,80
9794.804365008,downloading,503935015,7319,1,1,140932,80
9799.961655401,downloading,503967783,6077,1,1,140964,80
9805.180297334,downloading,504016935,8822,1,1,141012,80
9810.428443658,downloading,504066087,9362,1,1,141060,80
9815.623301171,downloading,504115239,10290,1,1,141108,80
9820.849541074,downloading,504164391,9364,1,1,141156,80
9826.242866868,downloading,504229927,9650,1,1,141220,80
9831.408770632,downloading,504279079,9672,1,1,141268,80
9836.996498046,downloading,504344615,12366,1,1,141332,80
9842.145785159,downloading,504360999,7105,1,1,141348,80
9847.361463576,downloading,504410151,8030,1,1,141412,80
9852.494122396,downloading,504410151,3709,1,1,141404,80
9857.635733682,downloading,504442919,3813,1,1,141436,80
9862.846715612,downloading,504475687,6956,1,1,141468,80
9868.041367334,downloading,504524839,8016,1,1,141532,80
9873.261634018,downloading,504606759,13348,1,1,141596,80
9878.381548159,downloading,504655911,13187,1,1,141644,80
9883.535217310,downloading,504705063,9326,1,1,141692,81
9888.811716756,downloading,504737831,8677,1,1,141724,81
9894.388563310,downloading,504803367,10480,1,1,141788,81
9899.689920226,downloading,504868903,13191,1,1,141852,81
9905.052206446,downloading,504934439,13309,1,1,141916,81
9910.449692795,downloading,504999975,12233,1,1,141980,81
9915.587753996,downloading,505081895,14859,1,1,142060,81
9920.872329422,downloading,505147431,13409,1,1,142124,81
9926.015106296,downloading,505212967,13045,1,1,142188,81
9931.209814012,downloading,505278503,12792,1,1,142252,81
9936.537923896,downloading,505360423,12835,1,1,142332,81
9941.673146646,downloading,505409575,12619,1,1,142380,81
9946.931606624,downloading,505475111,12328,1,1,142444,81
9952.094844558,downloading,505475111,4334,1,1,142444,81
9957.319646332,downloading,505475111,1419,1,1,142444,81
9962.530471887,downloading,505507879,4192,1,1,142476,81
9967.637452692,downloading,505507879,1372,1,1,141388,81
9972.843469845,downloading,505507879,448,1,1,137040,81
9977.974068711,downloading,505507879,145,1,1,137040,81
9983.226095356,downloading,505557031,5497,1,1,137100,81
9988.637867072,downloading,505622567,10806,1,1,135116,81
9993.809090118,downloading,505671719,10450,1,1,135164,81
9999.029112635,downloading,505753639,11706,1,1,135244,81
10004.146230879,downloading,505835559,13323,1,1,135324,81
10009.495332424,downloading,505901095,12755,1,1,135132,81
10014.706338842,downloading,505983015,14594,1,1,135212,81
10020.180023105,downloading,506064935,15031,1,1,131316,81
10025.396612242,downloading,506130471,14891,1,1,131380,81
10030.677899880,downloading,506228775,15570,1,1,129676,82
10035.829122351,downloading,506294311,14013,1,1,122060,82
10041.258022189,downloading,506359847,13167,1,1,120380,82
10046.465287114,downloading,506441767,15011,1,1,120460,82
10051.611948476,downloading,506523687,16321,1,1,120540,82
10056.816718007,downloading,506589223,15086,1,1,120604,82
10062.180283317,downloading,506671143,14465,1,1,120684,82
10067.305196768,downloading,506753063,16353,1,1,120764,82
10072.455241903,downloading,506818599,15029,1,1,120828,82
10077.752528191,downloading,506900519,12780,1,1,120908,82
10082.876864762,downloading,506982439,15174,1,1,120988,82
10088.041391899,downloading,507064359,17376,1,1,121068,82
10093.679658288,downloading,507211815,21463,1,1,121212,82
10098.945915414,downloading,507310119,23067,1,1,120476,82
10104.144315870,downloading,507441191,24733,1,1,120620,82
10109.360333356,downloading,507555879,26400,1,1,120736,82
10114.466587786,downloading,507703335,26263,1,1,120880,82
10119.633792452,downloading,507867175,29990,1,1,121040,82
10124.792656878,downloading,508063783,36237,1,1,121232,82
10129.928748749,downloading,508244007,34664,1,1,121408,82
10135.128241262,downloading,508440615,23852,1,1,121624,82
10140.269284591,downloading,508588071,35779,1,1,121788,82
10145.405219243,downloading,508801063,38661,1,1,121996,82
10150.670410614,downloading,509046823,41481,1,1,122236,82
10155.867261122,downloading,509276199,42187,1,1,122456,82
10160.977331947,downloading,509472807,39034,1,1,122648,82
10166.156309259,downloading,509636647,35720,1,1,122820,82
10171.252175550,downloading,509734951,29066,1,1,122916,82
10176.381794499,downloading,509833255,24455,1,1,123012,82
10181.698941149,downloading,509997095,27080,1,1,123188,82
10186.906353747,downloading,510144551,33195,1,1,123316,82
10192.069526532,downloading,510242855,20324,1,1,123428,83
10197.298373767,downloading,510292007,13939,1,1,123460,83
10202.445726682,downloading,510341159,8613,1,1,123508,83
10207.561824758,downloading,510406695,10224,1,1,123572,83
10212.737159735,downloading,510472231,8527,1,1,123636,83
10217.851793183,downloading,510521383,12942,1,1,123684,83
10223.046628382,downloading,510603303,12825,1,1,123764,83
10228.187574924,downloading,510685223,9764,1,1,123844,83
10233.368294042,downloading,510701607,7813,1,1,123860,83
10238.476031511,downloading,510799911,14761,1,1,123956,83
10243.761082081,downloading,510865447,9583,1,1,124020,83
10248.886800295,downloading,510914599,15134,1,1,124068,83
10254.149791859,downloading,510996519,15909,1,1,124148,83
10259.387315431,downloading,511094823,17858,1,1,124244,83
10264.675885631,downloading,511143975,12907,1,1,124292,83
10269.952236793,downloading,511209511,12884,1,1,124344,83
10275.209260775,downloading,511275047,11314,1,1,124408,83
10280.428279818,downloading,511389735,16815,1,1,121468,83
10285.574834859,downloading,511455271,15845,1,1,121548,83
10290.832953043,downloading,511553575,16222,1,1,121628,83
10296.153497687,downloading,511635495,16035,1,1,121708,83
10301.660575375,downloading,511750183,22718,1,1,121568,83
10306.861699268,downloading,511782951,11276,1,1,120308,83
10312.054781913,downloading,511881255,16501,1,1,120404,83
10317.222046269,downloading,511979559,17736,1,1,119728,83
10322.450508764,downloading,512077863,14912,1,1,119824,83
10327.595090299,downloading,512110631,13470,1,1,119856,83
10332.733357611,downloading,512192551,11923,1,1,118416,83
10337.893473195,downloading,512241703,13437,1,1,118464,83
10343.068736926,downloading,512356391,16936,1,1,118576,83
10348.290337951,downloading,512421927,14376,1,1,117668,83
10353.601880019,downloading,512471079,10930,1,1,117716,83
10358.756284650,downloading,512569383,14508,1,1,117844,84
10364.160929386,downloading,512602151,7436,1,1,117844,84
10369.346951613,downloading,512684071,11092,1,1,117924,84
10374.499306842,downloading,512765991,15406,1,1,118012,84
10379.779856557,downloading,512798759,9746,1,1,118044,84
10384.969810743,downloading,512847911,10368,1,1,118092,84
10390.134786878,downloading,512946215,16630,1,1,118188,84
10395.303323963,downloading,513011751,12709,1,1,118252,84
10400.518532460,downloading,513077287,14244,1,1,118316,84
10405.770112489,downloading,513142823,15051,1,1,118380,84
10410.961359597,downloading,513224743,14399,1,1,118460,84
10416.204849497,downloading,513290279,13239,1,1,118524,84
10421.416874471,downloading,513355815,15279,1,1,118588,84
10426.653277122,downloading,513404967,8440,1,1,118636,84
10431.785748061,downloading,513470503,11840,1,1,118700,84
10436.990938669,downloading,513552423,15022,1,1,118780,84
10442.136167479,downloading,513650727,19462,1,1,118876,84
10447.323177196,downloading,513765415,22082,1,1,118988,84
10452.436470671,downloading,513880103,21384,1,1,119120,84
10457.577370524,downloading,513994791,23489,1,1,119232,84
10462.697642865,downloading,514191399,31210,1,1,119424,84
10467.888277939,downloading,514338855,32201,1,1,119592,84
10473.075920659,downloading,514338855,13011,1,1,119608,84
10478.211744826,downloading,514420775,13347,1,1,119672,84
10483.769344361,downloading,514535463,16328,1,1,119784,84
10488.884074614,downloading,514633767,20180,1,1,119884,84
10494.035255633,downloading,514748455,20887,1,1,119996,84
10499.198783633,downloading,514863143,22462,1,1,120120,84
10504.393750881,downloading,515043453,28934,1,1,120368,84
10509.614611011,downloading,515338365,42819,1,1,120656,85
10514.762733756,downloading,515666045,57067,1,1,120988,85
10519.948553317,downloading,516075645,76552,1,1,121400,85
10525.175867250,downloading,516485245,76557,1,1,121800,85
10530.331752433,downloading,517058685,106215,1,1,122368,85
10535.562784566,downloading,517451901,81261,1,1,122752,85
10540.695810902,downloading,517927037,84091,1,1,123228,85
10545.913702004,downloading,518172797,27553,1,1,123472,85
10551.067427780,downloading,518500477,69559,1,1,123792,85
10556.233593480,downloading,518631549,42778,1,1,124032,85
10561.504433359,downloading,519090301,75754,1,1,124380,85
10566.656966697,downloading,519270525,52283,1,1,118160,85
10571.795748234,downloading,519581821,59487,1,1,118452,85
10577.136034464,downloading,519975037,69167,1,1,118884,85
10582.345903217,downloading,520450173,78195,1,1,119316,85
10587.470910219,downloading,520892541,63850,1,1,119748,85
10592.758144215,downloading,521269373,83247,1,1,117468,85
10598.030394391,downloading,521613437,65086,1,1,117356,85
10603.379767135,downloading,522072189,92194,1,1,117848,85
10608.673313191,downloading,522596477,79129,1,1,116744,85
10613.821459892,downloading,523186301,83546,1,1,117320,85
10619.014798964,downloading,523743357,109281,1,1,117884,86
10624.272767081,downloading,524415101,130514,1,1,117932,86
10629.431608303,downloading,524955773,115828,1,1,118460,86
10634.645807215,downloading,525348989,106369,1,1,118872,86
10639.874751107,downloading,525824125,70399,1,1,119336,86
10645.088559231,downloading,526168189,77787,1,1,119672,86
10650.269448796,downloading,526577789,55660,1,1,120088,86
10655.511009727,downloading,527069309,101450,1,1,119800,86
10660.725188870,downloading,527413373,73650,1,1,120152,86
10665.890725530,downloading,528035965,113947,1,1,118712,86
10671.181652065,downloading,528478333,95454,1,1,119184,86
10676.358480605,downloading,529133693,137233,1,1,119872,86
10681.553635776,downloading,529772669,117456,1,1,112824,86
10686.726618556,downloading,530362493,88764,1,1,109944,86
10691.908167066,downloading,530870397,89360,1,1,110448,86
10697.113799568,downloading,531624061,103753,1,1,111184,86
10702.251917175,downloading,532000893,122632,1,1,109776,86
10707.454635302,downloading,532361341,99385,1,1,110128,86
10712.584602545,downloading,532983933,91858,1,1,110480,86
10717.698097024,downloading,533344381,97921,1,1,110832,86
10723.127073598,downloading,533803133,78300,1,1,105048,86
10728.370216485,downloading,534229117,73913,1,1,105304,86
10733.582659340,downloading,534769789,76908,1,1,105832,86
10738.889093743,downloading,535015549,73431,1,1,106072,87
10744.089418230,downloading,535375997,62275,1,1,106424,87
10749.350094482,downloading,535654525,67969,1,1,106696,87
10754.558110689,downloading,536260733,68754,1,1,107312,87
10759.945182541,downloading,536637565,86791,1,1,107680,87
10765.216204886,downloading,536768637,45012,1,1,107808,87
10770.552596973,idle,536883325,0,0,0,12940,87
